Decision	SAT	ACT	Subject_tests	GPA	Rank	Gender	Ethnicity	Income_Bracket	School_Type
Decision: Deferred	SAT I (breakdown): 760R 800M	ACT (breakdown): 30E 34S 34R 34M	SAT II: 760 Chem	GPA (out of 4.0): n/a	Top 10%				
Decision: DeferredObjective:	SAT I (breakdown): N/A	ACT (breakdown): 35 C (35 E, 33 M, 35 R, 36 S)	SAT II: 800 Math II, 740 Chemistry, 720 World History, 720 US History	GPA (out of 4.0): 4.0	N/A	F	South asian	Income Bracket: 150k+	Public
Decision: Accepted	SAT I (breakdown): 800 Math, 760 Reading, 6/6/6 Essay		SAT II: 780 Math II (sophomore year), 800 Physics, 800 Chemistry	GPA (out of 4.0): 4.0	Top 10%	Female	White	Income Bracket: Upper Middle Class	Public
Decision: Deferred	SAT I (breakdown): 1530 (740 EBRW 790 Math)		SAT II: 720 Chemistry, 720 Math I	GPA (out of 4.0): 4.0	Top 10%	Male	White	Income Bracket: >$150k	Public
Decision: Deferred	SAT I (breakdown): 1580 (Math 800, Reading 780)		SAT II: 800 Math, 800 Physics	GPA (out of 4.0): 4.0		Male	N	Income Bracket: Too much	Large, competitive, public
Decision: Deferred	SAT I (breakdown): 1520 (760 R/W, 760 Math)		SAT II: 760 Chem	GPA (out of 4.0): N/A (I think 3.7ish although school does not do this)	Top 10%	Male	Indian	Income Bracket:	Large Public School
Decision: Accepted	SAT I (breakdown): 1530 (Verbal: 760 Math: 770)		SAT II: Not submitted (but I took Math 1, Math 2, and Lit)	GPA (out of 4.0):	Top 10%	Female	Asian	Income Bracket: < 60k	Public
Decision: Accepted	SAT I (breakdown): 1550 (800M, 750E, 23 Essay)	ACT (breakdown): 35C (36S, 35M, 34R, 33E)	SAT II: 800 Math II, 800 Bio M, 730 Physics	GPA (out of 4.0): 4.0	Top 10%	Female	SE Asian (1st gen immigrant)	Income Bracket: Too much for financial aid but not enough to pay without major loans	public
Decision: Accepted	SAT I (breakdown): 1540 (770 both)		SAT II: 780 US History, 730 Lit	GPA: 4.0	Doesn't rank	Male	Mexican	Income Bracket: 200,000+	All boys Catholic
Decision : Deferred	SAT I (breakdown): 1530 (800 math, 730 EBRW)		SAT II: Maths 2 800 Physics 800	GPA (out of 4.0): 4.0	Top 10%	Male	Indian?	Income Bracket: ~10000$	Private Coed
Decision: Deferred	SAT I (breakdown): 1520 (R: 720, M: 800, Essay: 22)		SAT II: US history: 750, Math 2: 770	GPA (out of 4.0): 3.97	Top 10%	Female	Asian	Income Bracket: upper middle	large public
Decision: Accepted	SAT I (breakdown): 1570 (800 Math, 770 ERW)		SAT II: 800 Math II, 780 US History	GPA: 3.98	N/A	M	White		Private
Decision: Accepted	SAT I (breakdown): 1520 730 R/W and 790 Math	ACT (breakdown): 35	SAT II: 710 or 720 US History and 680 math 2 lmao	GPA (out of 4.0): 3.97	Top 10%	female	hispanic and central/east asian	Income Bracket: sub 60 k	public, 2500+ kids
Decision: Deferred	SAT I (breakdown): 1550 (780M, 770R, 6/6/6 essay)	ACT (breakdown): 35 (36E, 36S, 33M, 34R)	SAT II: 800 Math II, 800 US History	GPA (out of 4.0): 4.0	Top 10%	Male	Multiracial	Income Bracket: Upper Middle Class	Public
Decision: Deferred	SAT I (breakdown): 1560 (800 Math, 760 EBR&W, 6-6-6 Essay)		SAT II: 800 Math 2, 760 US History	GPA (out of 4.0): 3.88	idk	Male	White	Income Bracket: too much for aid	Catholic
Decision: Deferred	SAT I (breakdown): 790 (R) 800 (M)		SAT II: 800 (math 2) 800 (physics) 800 (chemistry)	GPA (out of 4.0): 4.0	Top 10%	M	Asian	Income Bracket: High	Suburban Public
Decision: Deferred	SAT I (breakdown): 1580 (800 Math, 780 English), Essay: 19	ACT (breakdown): 36 in all subsections	SAT II: 800 Math 2, 800 Chemistry	GPA (out of 4.0): 4.0	Top 10%	Male	Asian	Income Bracket: ~$190,000	Public
Decision: Accepted	SAT I (breakdown):750 M 750 RW: 1500	ACT (breakdown): highest 30 34 E 31 R 27 M 26 S (oof) I hate the ACT	SAT II:770 US history 660 World history (oof)	GPA (out of 4.0):3.9	Top 10%	Woman	Black	Income Bracket: this is slightly complicated since my parents are divorced but technically my income bracket it around 100K with both my parents combined income	small town, kinda large, 1100 kids
Decision: Deferred	SAT I (breakdown): 1540 (790 M, 750 R/W)		SAT II: 760 Math II, 710 Physics	GPA (out of 4.0):	3	Male	White	Income Bracket: <30k	Public
Decision: Deferred	SAT I (breakdown): 1570 (780 RW, 790 math, 19/24 essay)		SAT II: Physics 730, Math II 800	GPA (out of 4.0): 3.98	Top 10%	F	no	Income Bracket: 125-150	public, not particularly competitive either
Decision: Accepted (lol what!!!!!)	SAT I (breakdown): Took it in November (so didn't submit to Princeton) but 1590	ACT: 36	SAT II: Bio M (800), Math II (800)	GPA (out of 4.0): 4.0	N/A	F	N	Income Bracket: 150+	Public
Decision: Deferred	SAT I (breakdown): 1540	ACT:33 (36E, 29M, 33R, 34S)	SAT II: 740 US, 720 Lit	GPA (out of 4.0): 3.75	N/A (School doesn't rank)	M		Income Bracket:idk	Public
Decision: DEFERRAL		ACT (super-scored): 29 = 31 Eng, 29 Reading, 27 Science, 24 in Math	SAT II: Did not take	GPA (out of 4.0): 3.6!	Not Top 10%	Male		Income Bracket: Lower middle class	bad public school
Decision: Deferred	SAT I (breakdown): n/a	ACT: 36		GPA (out of 4.0): 3.95	n/a	Female	nr	Income Bracket: middle class	Public
Decision: Deferred	SAT I (breakdown): 1490 (740 math, 750 English), single sitting		SAT II: Chemistry: 630 Mathematics II 670	GPA (out of 4.0): 3.9	Top 10%	Male	No	Income Bracket: ~$105,000	Public, rural
Decision: Accepted	SAT I (breakdown): 1440, Math - 710, ERW - 730		SAT II: Math 2 - 730 Physics - 690	GPA (out of 4.0): 3.69	N/A	Female	Black	Income Bracket: ~40,000	Not competitive
Decision: Accepted (I am shaking rn)	SAT I: 1560, 790M & 770ERW		SAT II: 800 Math II, 770 Lit, 760 World History	GPA (out of 4.0): 4.0	Top 10%	male	whitie	Income Bracket: ~80K	Very small parochial school (private Christian school, but not the bougie kind)
Decision: Accepted Objective:	SAT I (breakdown): 1480 (740 M, 740 R)		SAT II: 660 (Lit, US History) & 610 (Math 1- did not send)	GPA (out of 4.0): 3.94	Top 10%	Female	No	Income Bracket: < $25,000	Public (Charter)
Decision: Accepted Objective:	SAT I (breakdown): 1480 (740 M, 740 R)		SAT II: 660 (Lit, US History) & 610 (Math 1- did not send)	GPA (out of 4.0): 3.94	Top 10%	Female	No	Income Bracket: <$25,000	Public (Charter)
Decision: Deferred	SAT I (breakdown): 1540 (760 EBRW, 780 Math)		SAT II: 690 Math II, 750 Biology M	GPA (out of 4.0): 3.85	none	Female	Indian		Large Public
Decision: Deferred	SAT I (breakdown): 1510: Math: 780, Reading: 730	ACT (breakdown): 31	SAT II: Math II: 800, Physics: 750, (US History: 650 not reported)	GPA (out of 4.0): 4	N/A	M	Caucasian		Independent
Decision: Deferred	SAT I (breakdown): 800 M, 760 R		SAT II: 800 Math II, 800 Physics	GPA (out of 4.0): 3.98	Top 10%	Male	White		Split between public/magnet
Decision: Deferred	SAT I (breakdown): 1540 (790 Math, 750 English)		SAT II: 730 Math II, 690 Physics	GPA (out of 4.0): Unsure, around 3.8 probably	Top 10%	Male	White		Public
Decision: Deferred	SAT I (breakdown): N/A	ACT (breakdown): 31C, 32E, 35M, 27R (oof), 30S	SAT II: 730 Math I, 710 US History	GPA (out of 4.0): 4.000	Top 10%	Male	Asian American (Japanese/Italian)		Public, around 1800 students total
Decision: Accepted	SAT I (breakdown): 1240 (630 EBRW, 610 math)		SAT II: 690 BioE, 700 US History	GPA (out of 4.0): 3.68	Top 10%	Male	African-American		Suburban public
Decision Accepted	SAT I (breakdown):	ACT (breakdown):36	SAT II:800 Math2, 800 World History	GPA (out of 4.0):3.9	top 10%	Male	white		Private
Decision: Accepted	SAT I (breakdown): n/a	ACT (breakdown): 35 (36E, 35M, 34R, 34S)	SAT II: Math II: 790, Chem: 710 oof	GPA (out of 4.0): 4.0	n/a	Female	South Korean		public, a really big school (3k + kids)
Decision: Deferred[*/color][*/size][*/b]	SAT I (breakdown):NA	ACT (breakdown):36 C, 35E, 36M, 35R, 36S	SAT II: 730 Math1, 720 English (Didn’t send both)	GPA (out of 4.0): 3.65	Top 10%	Male	Jewish Caucasian		Small, Jewish Day School
Decision: Deferred	SAT I (breakdown): 1530 superscore (790 M, 740 E), didn't send	ACT (breakdown): 35 (36 M/36 S/35 E/33 R)	SAT II: 800 Math II, 770 Bio (M)	GPA (out of 4.0): 3.50	Not Top 10%				
Decision: Deferred	SAT I (breakdown): 1500	ACT (breakdown): 35	SAT II: Math II: 780 Physics: 780	GPA (out of 4.0): 3.9	Top 10%	Female	White		Public
Decision: Deferred	SAT I (breakdown): 800 Math, 790 ERW		SAT II: 800 Math 2, 790 Chemistry	GPA (out of 4.0): I have no idea, probably around 3.8	Top 10%	Male	Hispanic		Public
Decision: Deferred	SAT I (breakdown): 1540 Composite, highest categories are 790 CR+W on one test and 800 M on another test (submitted two tests with highest categories and composite)	ACT (breakdown): 36C - 36E/35M/36R/36S (submitted)	SAT II: 800 Math II, 710 Physics	GPA (out of 4.0): 3.8	Top 10%	Male (oooof)	Indian (oof)	Income Bracket: >200k (oooooof)	Public (avg act right around 24)
Decision: Deferred	SAT I (breakdown): 1470	ACT (breakdown): 32 Composite, 35M, 31E, 31S, 30R (sent)	SAT II: 740 Math 2, 710 Chemistry, 710 Biology.	GPA (out of 4.0): 4.0	Top 10%	Male	African American		Charter
Decision: Accepted	SAT I (breakdown): Didn't take	ACT (breakdown): 34	SAT II: 800 Math Level II	GPA (out of 4.0): 3.889	No rank	Male	African/African-American		Private
Decision: Accepted	SAT I (breakdown): 1560 (800 Math/760 Reading/Writing), 18 Essay		SAT II: 800 Math II, 750 U.S. History	GPA (out of 4.0): 4.0	Top 10%	M		Income Bracket: $60-80k	Large Public
Decision: Deferred	SAT I (breakdown): N/A (didn’t take)	ACT (breakdown): 28C (25E,35M,25R,25S) (yikessss lol)	SAT II: 780 Math II, 710 Physics	GPA (out of 4.0): 4.0	N/A (not ranked)	Male	White	Income Bracket: < $65000	Officially, religious. In practice, public.
Decision: Deferred	SAT I (breakdown): 1530 (770 M 760RW)		SAT II: 800 US History, 790 Math II, 760 Biology E	GPA (out of 4.0): 4.0	Top 10%	female	whiiiiiite	Income Bracket: >150k	public
Decision: Deferred	SAT I (breakdown): 780M/790ERBW	ACT (breakdown): 35/35/35/34S	SAT II: 800 Math II, 790 US History, 750 Physics	GPA (out of 4.0): 4.0	Top 10%	female	white	Income Bracket: upper middle class	large public
Decision: Deferred	SAT I (breakdown): 1600	ACT (breakdown): n/a	SAT II: Math 2 800, Chemistry 800	GPA (out of 4.0): 4.0	n/a	male	white	Income Bracket: 100-150k	Public
Decision: Accepted	SAT I (breakdown): Math: 800; R&W: 760; Essay: 8 8 8	ACT (breakdown): Reading: 34; Writing: 35; Math: 36; Science: 36	SAT II: Chemistry: 800; Biology M: 800; Math II: 800; World History: 800	GPA (out of 4.0): 4.00	1	Male	White	Income Bracket: Middle class	very large public (3000 kids, another guy got in with me)
Decision: Deferred	SAT I (breakdown): 1550, 800 M, 750 CR	ACT (breakdown): 35 E, 35 M, 34 R, 34 S	SAT II: 780 US History, 780 Math II	GPA (out of 4.0): 4.0	None	Male	White	Income Bracket: About 250k	Public
Decision: Accepted	SAT I (breakdown): Eng: 750 Math: 760	ACT (breakdown): Eng: 36 Reading: 36 Math: 33 Science: 31	SAT II: Math II: 690 US History: 780	GPA (out of 4.0): IDK	Top 10%	Female	African American	Income Bracket: 160 K +	Large Public
Decision: Accepted	SAT I (breakdown): Eng: 750 Math: 760	ACT (breakdown): Eng: 36 Reading:36 Math:33 Science: 31	SAT II: Math 2: 690 US History: 780	GPA (out of 4.0): IDK	Top 10%	Female	African American	Income Bracket: 160K +	Large Public
Decision: ACCEPTED!!!	SAT I (breakdown): N/A	ACT (breakdown): 35 C (36E 35M 34R 36S 9W)	SAT II: 770 Math II, 720 Chem	GPA (out of 4.0): 3.9	Top 10%	female	White (middle-eastern)	Income Bracket: uber low	NODET
Decision: Accepted	SAT I (breakdown): 1510 (M-800, R-710) -- Did not submit	ACT (breakdown): 36 (36/36/36/35) -- Submitted	SAT II: 800 Math II, 800 Biology M	GPA (out of 4.0): 4.0	Top 10%	Female	Korean	Income Bracket: Middle (100k ish)	Large Public
Decision: Accepted	SAT I: 1450 (Eng. 740 Maths. 710)		SAT II: Chinese.790 - Literature.720	GPA (out of 4.0): n/a	n/a	Female	British, Chinese	Income Bracket: low income, high assets	Specialist Music school
Decision: Accepted	SAT I (breakdown): 1570 (800 M, 770 CR/W), 24 essay	ACT (breakdown): N/A	SAT II: Biology M (800), Physics (800), Math II (800)	GPA (out of 4.0): 3.80	1	Male	Asian	Income Bracket: $200k+	Public magnet
Decision: Accepted	SAT I (breakdown): 1510 (780M 730RW) Didn't submit - just for National Merit	ACT (breakdown): 36 (36M, 36S, 35E, 35R, 9W)	SAT II: 750 Math II, 720 Literature	GPA (out of 4.0): 4.0	Top 10%	Male	White	Income Bracket: <30,000	Public
Decision: Accepted	SAT I: 760R 800M 22E		SAT II: 800 Math II, 780 Chemistry, 780 Latin	GPA (out of 4.0): 4.0	Top 10%	prefer not to say	sorta complicated but basically half ashkenazi jew, half caribbean black	Income Bracket: 200kish	private academic, full of high-achievers -- one of the best in my country
Decision: Deferred	SAT I (breakdown): 1590 (790M 800W 7/7/7 Essay) - single sitting	ACT (breakdown): did not take	SAT II: 800 Math II, 800 Biology Molecular, 800 Physics	GPA (out of 4.0): 4.0	n/a - does not rank	Male	Asian	Income Bracket: high enough for no financial aid	small public magnet
Decision: Accepted	SAT I (breakdown): 1550 (780 M 770 RW)	ACT (breakdown): 35	SAT II: 800 Math II, 800 Spanish Reading, 800 Chemistry	GPA (out of 4.0): 3.95	Top 10%	Male	Hispanic, African	Income Bracket: 60,000-70,000	Public
Decision: Deferred	SAT I (breakdown): (took for NM, didn't send) 1520/780 reading/740 math	ACT (breakdown): 34C/36E/31M/35R/33S	SAT II: 790 Math II/770 USH	GPA (out of 4.0): frosh/soph: ~3.85 junior	n/a	female	white	Income Bracket: 200k+	private, small
Decision: Accepted	SAT I (breakdown): N/A	ACT (breakdown): 32 Composite (36 English, 35 Reading, 27 Math, (yikes), 31 Science, 8 Writing (yikes))	SAT II: US History (750) Biology Ecological (730)	GPA (out of 4.0): 4.0	Top 10%	Female	African American	Income Bracket: Definitely applied for financial aid...	Online
Decision: Accepted	SAT I (breakdown):	ACT (breakdown): 33	SAT II: 730 USH 670 Lit	GPA (out of 4.0): 4.0	Top 10%	M	Black	Income Bracket: 60,000	Public
Decision: Deferred	SAT I (breakdown): 1590 (790 Reading, 800 Math)	ACT (breakdown): N/A	SAT II:	GPA (out of 4.0): 3.92	N/A		White	Income Bracket: $300,000+	Public
Decision: Rejected	SAT I (breakdown): 1550 (790 M, 760 R) All in one sitting	ACT (breakdown): 34 but didn't send	SAT II: 800 Math II, 700 USH, 700 Chem	GPA (out of 4.0): 4.0	Top 10%		Asian (Indian)	Income Bracket: 2 high 4 aid	Public
Decision: Accepted	SAT I (breakdown): 1410 (LOL didn’t send for obv. reasons)	ACT (breakdown): Cumulative: 34, Reading: 35, English: 34, Math: 35, Science: 31	SAT II: Math II: 770, Lit: 740	GPA (out of 4.0): 3.97	Top 10%	Female	Asian	Income Bracket: upper class	huge public school
Decision: RejectedI didn't list everything for privacy reasons, but I describe the ones I neglected	SAT I (breakdown):	ACT (breakdown): 35	SAT II: one 750, two 740	GPA (out of 4.0): 3.6	N/A		Sorry can't tell	Income Bracket: sorry, can't tell.	Sorry can't tell
Decision: Deferred	SAT I (breakdown): 1520 (720 R 800 M)	ACT (breakdown): N/A	SAT II: N/A	GPA (out of 4.0): 3.86	Top 10%	Male	Asian	Income Bracket: > $100,000	Competitive public
Decision: Deferred	SAT I (breakdown): um pls lmk why you would take the SAT	ACT (breakdown): 32 (E32 M32 R34 S30)	SAT II: N/A	GPA (out of 4.0): 3.791	Not Top 10%	female	lollllll	Income Bracket: idk man	public
Decision: Accepted - CC	SAT I (breakdown): 1570 (770 CR, 800 M)	ACT (breakdown): n/a	SAT II: 790 World History, 760 Chemistry	GPA (out of 4.0): 3.78	n/a	Male	White	Income Bracket: 240k+	Competitive Public
Decision: Accepted - Columbia College	SAT I (breakdown): 1370 (Math:720 English: 650	ACT (breakdown): Didn't take		GPA (out of 4.0): 4.0	Top 10%	Female	Asian (Bengali)	Income Bracket: <40,000	small public school
Decision: Deferred SEAS[/color][/size][/b]	SAT I (breakdown): 1550	ACT (breakdown): None	SAT II: Math II: 800, Chem: 780	GPA (out of 4.0): School does not have unweighted	Does not rank	Male	Asian ;(	Income Bracket: $50000-$80000	Public Magnet
Decision Rejected	SAT I (breakdown): 1500		SAT II: 800, 750	GPA (out of 4.0): 3.55	Don't know... probably the top 15%	Male	Asian Chinese ( I'm proud of my race)	Income Bracket: 20k Low income	Public
Decision: Accepted w/ Kluge Scholar Recognition Objective:	SAT I (breakdown M/CR/W/Essay): 1540: 790M - 750E - 8/8/8 Essay	ACT (breakdown): N/A	SAT II (subject, score): 800 Physics - 800 Chemistry - 750 Math	GPA (out of 4.0): 4.0	Top 10%	M	White Hispanic	Income Bracket Range: High	Suburban Public
Decision: Accepted SEAS Objective:	SAT I: 1530; 790M, 740ERW		SAT II (subject, score): 800 Math II, 720 Physics, 790 Spanish	GPA: 4.0	Top 10%	Male	Mexican	Income Bracket Range: ~80k	Public, somewhat large
Decision: Deferred	SAT I (breakdown): NA	ACT (breakdown): 34C (34E,35M,35R,32S)	SAT II: Math 2 (800), Physics (650) - I hadn't taken an AP science or equivalent, so this was full self-study and I made that clear.	GPA (out of 4.0): 3.88	Not Top 10%	Male	White		Good public
Decision: Deferred	SAT I (breakdown):	ACT (breakdown):		GPA (out of 4.0):					
Decision: Deferred	SAT: 1530 (800M, 730RW, 24/24 essay); Subject tests: 800 Math II, 800 BioE (also got 740 BioM, 720 Math II and accidentally sent those RIP); APs: all 5s: Bio, Lang, USH, Envi Sci, Calc BC, Chem. Taking Phys C: Mech, Econ, Lit, and Euro this year.		800 Math II, 800 BioE (also got 740 BioM, 720 Math II and accidentally sent those RIP	GPA: 4.0		Male	White/Pinoy	Income Bracket: VERY complicated and I don't really wanna address it here	fringe rural public, above average, generally upper middle, Levittown-esque high school, not one of those crazy competitive publics around here tho lol
Decision: Rejected[*/color][*/size][*/b]	SAT I (breakdown): 800 Maths, 710 EBRW, essay 5/5/7		SAT II: Maths-II 800, Physics 800	GPA (Italy): 3.9		Female	White		STEM-focused high school (public)
Decision: Accepted	SAT I (breakdown): 1570 (800 M, 770 R/W)	ACT (breakdown): Didn’t take	SAT II: 800 Math II, 800 Chem, 790 BioM	GPA (out of 4.0): 3.98	My school does not rank	Male	African American	Income Bracket: < 40000	Specialized High School (Large Public)
Decision: Deferred	SAT I (breakdown): 1590 (800 Math, 790 English, 21 Essay)	ACT (breakdown): N/A	SAT II: 800 (Math II), 800 (Physics)	GPA (out of 4.0): 3.7122	Not Top 10%	Male	Indian	Income Bracket: 200,000	Large, Competitive Public
Decision: Deferred[*/size]	SAT I (breakdown): 1560 (790M, 770E)	ACT (breakdown):36 superscore		GPA (out of 4.0): 4.0	Top 10%				
Decision: Deferred[*/color][*/size][*/b]	SAT I (breakdown): 750 RW, 780 Math		SAT II: 800 Math, 770 Physics	GPA (out of 4.0): 3.85 (Note that GPAs are highly school dependent.)		male	white		Independent
Decision: Accepted	SAT I (breakdown): 1570, 800 Reading+Writing, 770 Math	ACT (breakdown): NA	SAT II: 800 Math II, 770 Chemistry	GPA (out of 4.0): 3.89	Top 10%	Female	Mixed		Public
Decision: Accepted	SAT I (breakdown):800 Math 700 CR	ACT (breakdown):	SAT II:800 Math 2 750 Physics	GPA (out of 4.0): 3.92	Top 10%	Male	Caucasian		non private school
Decision: Deferred	SAT I (breakdown): 790 Math, 730 English, 6/4/6 essay	ACT (breakdown):	SAT II: 800 math II, 750 bio-M	GPA (out of 4.0): My school doesn't do unweighted GPAs	Top 10%	male	white		public, coed
Decision: Rejected	SAT I (breakdown): 1570 (800M / 770E)	ACT (breakdown): didn't take	SAT II: 800 Chemistry 800 Math 2	GPA (out of 4.0): 4.0	Top 10%	Female	White		Public
Decision: Rejected Objective:	SAT I (breakdown M/CR/W/Essay): Didn't take	ACT (breakdown): 33C	SAT II (subject, score): 780 Math II, 790 Chemistry	GPA (out of 4.0): 3.73	Not Top 10%	Male	White	Income Bracket Range: Middle class	Small public
Decision: WaitlistedObjective:	SAT I (breakdown M/CR/W/Essay): 780/790, 8/8/8	ACT (breakdown): 35/35/35/34 in science	SAT II (subject, score): Math II, 800; US History, 790; Physics, 750	GPA (out of 4.0): 4.0	Top 10%		whitest white bread you ever saw	Income Bracket Range: abnormally high in the year they ask for, usually around $110k, 2016 was like 5x that bc stock options sometimes work out for people who work at startups	Large public (at least by Idaho standards--there are 400 kids in my class in a state where maybe 150 is a lot more common)
Decision: Rejected [/b][/color][/size]	SAT I superscore (breakdown M/CR/W/Essay): 790/760/NA/No idea		SAT II (subject, score): 800 M2, 800 Physics, 770 USH	GPA (out of 4.0): roughly 4.0		Male	White	Income Bracket Range: High	Private Prep
Decision: WaitlistedObjective:	SAT I (breakdown M/CR/W/Essay): 800 M/760 R	ACT (breakdown): 35 M/36 R/35 S/36 E	SAT II (subject, score): math 2: 790, physics 800	GPA (out of 4.0): 4.0	Top 10%	F	white russian (lmao)	Income Bracket Range: didnt apply for financial aid, can’t afford MIT	public
Decision: Accepted Objective:	SAT I (breakdown): 1540 (800 RW and 740 M, 17/24 essay)	ACT (breakdown): N/A	SAT II: 800 French, 740 Math 2, 710 Physics	GPA (out of 4.0): 4.0	Top 10%	female	white	Income Bracket(mention if FA candidate): upper middle class	small private
Decision:AcceptedObjective:	SAT I (breakdown M/CR/W/Essay): 790/750/22	ACT (breakdown): Math (35) Reading (36) English (35) Science (35) Writing	SAT II (subject, score): Biology M (790) Mathematics 2 (770)	GPA (out of 4.0): 3.86	Top 10%	Male	White	Income Bracket Range: 46,000	Public
Decision: AdMITted!	SAT I: 1580	ACT (breakdown): 35	SAT II (subject, score): 800 Biology, 790 Math II	GPA (out of 4.0): 4.0	Top 10%	female	white	Income Bracket Range: upper middle	Large, public
Decision: Accepted	SAT I 1570 breakdown M780/CR/W/790 Essay 8		SAT II (subject, score):Chemistry 760, Math 770	GPA (out of 4.0):4.0	N/A	male	Hispanic	Income Bracket Range: $100k	home school
Decision: Accepted	SAT I: 760R 800M 22E		SAT II: 800 Math II, 780 Chemistry, 780 Latin	GPA (out of 4.0): 4.0	Top 10%		sorta complicated but basically half ashkenazi jew, half caribbean black	Income Bracket: 200kish	private academic, full of high-achievers -- probably the best in my country
Decision: Accepted Objective:	SAT I : (1490) Math - 770 | Reading - 720 | Essay - 18	ACT : (35) Reading/English - 36 | Math - 35 | Science - 34	SAT II : Math 2 - 800 | Physics - 720 | Biology - 750	GPA (out of 4.0): 4.0	None	Female	Asian	Income Bracket Range: 50K ishReflection	Public
Decision: Accepted Objective:	SAT I: 1530; 790M, 740ERW		SAT II (subject, score): 800 Math II, 720 Physics, 790 Spanish	GPA: 4.0	Top 10%	Male	Mexican	Income Bracket Range: ~80k	Public, somewhat large
Decision: Rejected after Deferred Objective:	SAT I (breakdown M/CR/W/Essay): 1500 (750/750)	ACT (breakdown): 35: english - 35, math - 33, reading - 36, science - 36	SAT II (subject, score): physics - 650, math i - 720, math ii - 770	GPA (out of 4.0):		female	Hispanic	Income Bracket Range:	private/Catholic
Decision: Deferred [/size][/b]	SAT I (breakdown): 1500 (780 E, 720 M) -- taken and submitted to Yale October of junior year... oops.	ACT (breakdown): 35C (33 M, 34 S, 36 R, 36 E)	SAT II: 710 Lit, 730 USH.	GPA (out of 4.0): 3.95	Not Top 10%	female	white	Income Bracket: 65-100k	public, soul-destroyingly-competitive
Decision: Rejected		ACT (breakdown): 36 superscore (twice)- 36E, 36M, 35R, 35S	SAT II: 800 Math II, Biology (800 expected), Physics (780-800 expected)	GPA (out of 4.0): 3.87	Top 10%	M	Chinese	Income Bracket: Upper	Public, 300 students in my class
Decision: Rejected	SAT I (breakdown): Did not take.	ACT (breakdown): 35 (35E, 35M, 34R, 34S). First time.	SAT II: 800 Math II, 770 Spanish with Listening	GPA (out of 4.0): 3.84 (bad first trimester)	Not Top 10%	male	indian	Income Bracket: >250K	boarding
Decision: Deferred [/color][/size]		ACT (breakdown): 35 (36 reading, 36 English, 34 math, 34 science)	SAT II: 780 math II	GPA (out of 4.0): 3.99	Top 10%	F	white	Income Bracket: upper middle	public
Decision: Deferred	SAT I (breakdown): 1560 (770R, 790M)		SAT II: Math II - 800, Physics - 800	GPA (out of 4.0): 4.0	School does not rank	Male	Hispanic	Income Bracket: <50k	Private (w/ financial aid)
Decision: Accepted	SAT I (breakdown): 790 reading, 780 math	ACT (breakdown): 36	SAT II: 800 literature, 780 Spanish	GPA (out of 4.0): 3.8	No rank or percentile	F	Latina & white	Income Bracket: UMC	Public (small)
Decision: Accepted Objective:	SAT I (breakdown): 1590 (790 Reading, 800 Math)	ACT (breakdown): 36 (all sections)		GPA (out of 4.0): 3.9	N/A	Male	Korean	Income Bracket: <$50K	Public, ~1000 graduating class
Decision: Accepted	SAT I (breakdown): didn't take	ACT (breakdown): 34	SAT II: 790 lit and low 730 us history	GPA (out of 4.0): 4.0	school doesn't rank	Female	White	Income Bracket:	Public school
Decision: Rejected	SAT I (breakdown): 1550 (780 Reading, 770 Math)	ACT (breakdown): N/A	SAT II: 790 Chemistry	GPA (out of 4.0): N/A	Top 10%		White		Public
Decision: Deferred [/color][/size]	SAT I (breakdown): Overall: 1530 M: 770 R: 760	ACT (breakdown): Overall: 33 R:36 W:36 S:32 M:28	SAT II: Lit: 730	GPA (out of 4.0): 3.7	Not ranked	Female	White		Residential public art school
Decision: Deferred [/color][/size][/b]	SAT I (breakdown): 1550 (760 EBRW, 790 Math)		SAT II: Math II= 800, Physics- 750	GPA (out of 4.0): 3.99	Top 10%	Male	White		Private/ religious
Decision: Deferred	SAT I (breakdown): not sent	ACT (breakdown): 33	SAT II: never took them	GPA (out of 4.0): 3.93	Top 10%	male	white	Income Bracket: 100k	lower income public
Decision: Accepted	SAT I (breakdown): 1400/1600	ACT (breakdown): N/A		GPA (out of 4.0): 3.9	Top 10%	Male	White	Income Bracket: 200-300k	Private, Boarding (UWC)
Decision: Deferred	SAT I (breakdown): didn't send	ACT (breakdown): 35 C 36R 36W 34M 33S	SAT II: 800 Bio M, 780 Math II	GPA (out of 4.0): 3.935	Top 10%	Gender F	Latina	Income Bracket: Middle class	Small city public
Decision: Deferred	SAT I (breakdown): Didn't send	ACT (breakdown): 29C 23M 33W 33R 25S		GPA: 3.78	Not Top 10%	Female	White/Japanese	Income Bracket: High(ish)	Public
Decision: Rejected	SAT I (breakdown): Never Took it	ACT (breakdown): 34C (34E 32M 35R 35S) (SS is one point higher in English)	SAT II: 710 Math 2 750 Chem	GPA: 3.825	N/A	Male	White	Income Bracket: 200-300k	Private
Decision: Deferred [/color][/size][/b]	SAT I (breakdown): n/a	ACT (breakdown): 33C (36R, 35W, 33S, 30M)	SAT II: 750 US, 770 World	GPA (out of 4.0): 4.0	Top 10%	Female	White (both white white and the spicy ethnic white that is Middle Eastern)	Income Bracket: 150k+	Suburban Public
Decision: Accepted	SAT I (breakdown): Didn’t Send	ACT (breakdown): 36	SAT II: 790 Math 2, 740 Chem, 710 Physics (lol)	GPA (out of 4.0): School doesn’t provide, but I calculated 3.8	Not Top 10%	Female	White (Jewish)	Income Bracket: Maybe 150,000?	Public, very competitive
Decision: Accepted	SAT I (breakdown): 1580, 6/6/6, 1 try	ACT (breakdown): N/A	SAT II: Bio M, Chem, Math 2 (all 800)	GPA (out of 4.0): 4.0	Top 10%	M	White	Income Bracket: 100-150K	Large public, small program nestled on a huge campus.
Decision: Deferred		ACT (breakdown): 35 C (36 E, 35 R, 34 S, 33 M	SAT II: 800 (US History), 750 (Math II)	GPA (out of 4.0): 4.0	Top 10%	Female	White	Income Bracket: Middle class	Public
Decision: Deferred [/color][/size][/b]	SAT I (breakdown): 1550, 770 English and 780 Math		SAT II: 790 History, 740 Literature	GPA (out of 4.0): 4.0	Top 10%		White	Income Bracket: $200,000	Public, 600 students
Decision: Accepted [/color][/size]	SAT I (breakdown): 790 math, 730 reading (writing I don't know on hand); 1520	ACT (breakdown): none	SAT II: 790 Math 2, 730 U.S. History	GPA (out of 4.0): 4.0	Top 10%	F	Asian	Income Bracket: >200k	large public
Decision: Rejected	SAT I (breakdown): N/A	ACT (breakdown): 34C (34E, 29M, 36R, 36S)		GPA (out of 4.0): 3.87	Top 10%	Male	White	Income Bracket: Upper middle class	Private
Decision: Deferred	SAT I (breakdown): 770R 700M, 6/6/6W	ACT (breakdown):	SAT II:Math 2(680) Bio(680)	GPA (out of 4.0): 4	Top 10%	F	White	Income Bracket: ~60k	Public Vocational (Commercial Arts is my program)
Decision: Rejected	SAT I (breakdown): 1590 (first try)	ACT (breakdown): 35 - first try (36E, 34M, 36R, 34S)	SAT II: 800 (Math II), 750 (Chem), 740 (Bio), 740 (Spanish), 730 (Lit)	GPA (out of 4.0): 3.7	Not Top 10%	female	Asian (Indian)	Income Bracket: 200k+	Large competitive public
Decision: Deferred	SAT I: 670R, 800M 7/7/7 essay		SAT II: 700 (math II)						
Decision: Rejected	SAT1: 1530			GPA: Not used in my school					
Decision: Accepted	SAT I (breakdown): N/A	ACT (breakdown): 34 C	SAT II: 800 M2 770 Bio-M	GPA (out of 4.0): 4.0	Top 10%	M	--	Income Bracket: --	Public
Decision: Deferred	SAT I (breakdown): N/A	ACT (breakdown): 34 (33E, 35M, 35R, 32S)	SAT II: 770 Physics, 760 Chemistry, 760 Math II	GPA (out of 4.0): 3.83	N/A	Male	White	Income Bracket: Upper-Middle	Public
Decision: Accepted	SAT I (breakdown): 1430 (740 Critical Reading / 690 Math)		SAT II: 800 US History, 760 Literature	GPA (out of 4.0): 3.81	Top 10%	Male.	White, African-American, and Hispanic (mixed)	Income Bracket: 100,000-120,000, upper middle class	Public charter high school
Decision: Accepted [/size]	SAT I (breakdown): Didn't take	ACT (breakdown): 35 C	SAT II: 780 Bio E, 720 Lit	GPA (out of 4.0): 4.0	Top 10%	Male	White		Public
Decision: Deferred [/color]	SAT I (breakdown): 740 M 720 R	ACT (breakdown): 34 (35 E 35 R 34 M 34 S)	SAT II: 780 US History 700 Math II	GPA (out of 4.0): 3.924	n/a	Male	White	Income Bracket: Upper middle class	Large public
Decision: Accepted	SAT I : 1550 (790M, 760V)		SAT II: 710 US History; 800 Math II	GPA (out of 4.0): 3.93	Top 10%	Male	White	Income Bracket: Upper	Private school, 110 kids
Decision: Deferred	SAT I (breakdown): Didn't send	ACT (breakdown): 34 (35 English, 34 Reading, 34 Math, 33 Science)	SAT II: Physics=750, Math II=760	GPA (out of 4.0): 4.0	Top 10%	F	Chinese	Income Bracket: 150k	Public
Decision: Rejected	SAT I (breakdown): 1570 (800 Math / 770 English)	ACT (breakdown): didn’t take	SAT II: 800 Math II, 800 Chemistry	GPA (out of 4.0): 4.0	Top 10%	female	Persian	Income Bracket: 160,000 ish idk exactly	public
Decision: Rejected	SAT I (breakdown): 1580 (790 Math, 790 verbal, 22 essay)		SAT II: Biology 800, Math II 800, Chemistry 740	GPA (out of 4.0): 3.98	Top 10%	Male	Indian	Income Bracket: < $25,000	Charter
Decision: Rejected	SAT I (breakdown): 1530 (760 reading & writing; 770 math)	ACT (breakdown): didn't take	SAT II: 800 Math 2; 710 Spanish (retaking it)	GPA (out of 4.0): 3.97	none	Male	It doesn't get whiter than this folks	Income Bracket: $120k	Public
Decision: Rejected[/color][/size][/b]	SAT I (breakdown): 1560: 770 Reading, 790 Math	ACT (breakdown): 36: 36 Math, 36 Science, 34 Reading, 36 English	SAT II: 770 Math II, 750 Physics, 750 Biology	GPA (out of 4.0): 3.68	School doesn't rank (or offer AP Classes)	Male	Black	Income Bracket:160,000-200,000	Small, Private, Catholic
Decision: Rejected	SAT I (breakdown): 1520 (770M/750E)	ACT (breakdown): Did not report	SAT II: 780 Molecular Biology	GPA (out of 4.0):	11%	F	White (Middle Eastern)	Income Bracket: >150,000	I go to two schools, a Public school, and a magnet science-research school. I alternate where I attend every day.
Decision: Rejected	SAT I (breakdown): 1520 (780 M) (740 R/W) (Essay: 23/24)	ACT (breakdown): didn't take	SAT II: 770 US History, 690 Literature	GPA (out of 4.0): 3.98	school doesn't rank	Female	Asian (Indian)	Income Bracket: more than 200k	HUGE public (3000+ kids)
Decision: Accepted[/color]	SAT I (breakdown): Didn't submit	ACT (breakdown): 35 (36E 36R 34S 33M)	SAT II: Math 1(790)	GPA (out of 4.0): 4.0	Top 10%	Male	African American	Income Bracket: Prefer not to say	Public
Decision: Rejected	SAT I (breakdown): 1470	ACT (breakdown): Didn't take	SAT II: Math 2 - 800 ; Literature - 780 ; Spanish (Without Listening) - 660	GPA (out of 4.0): 4.0	Top 10%	Female	White	Income Bracket: <$50,000	Public
Decision: Rejected	SAT I (breakdown): 1510 (780 Math & 730 English): did not submit	ACT (breakdown): 35 (all sections)	SAT II: 780 Biology	GPA (out of 4.0): 3.96	Top 10%	Male	Indian	Income Bracket: <100k	Public
Decision: Rejected	SAT I (breakdown): 1490 (710 English, 780 Math)	ACT (breakdown): N/A	SAT II: 800 Math 2, 740 Physics	GPA (out of 4.0): 3.7 (My school has a deflated GPA system rip)	N/A	Male	Asian	Income Bracket: N/A	International School
Decision: Deferred	SAT I (breakdown): N/A	ACT (breakdown): Composite 30		GPA (out of 4.0): 3.95	Top 10%	Female	White	Income Bracket: ~25,000	Public
Decision: Rejected	SAT I (breakdown): None	ACT (breakdown): Composite 31, Eng 35, Math 35 Read 25 Sci 34	SAT II: Bio M 760, Math1 780	GPA (out of 4.0): 3.85	Top 10%	Male	Latino		Private
Decision: Deferred	SAT I (breakdown): 1410 (Math 740, ER 670	ACT (breakdown): 31 (English 32, Math 31, Reading 32, Science 32)	SAT II: Chemistry 770	GPA (out of 4.0): 4.0	Top 10%	Male	White	Income Bracket: 60,000 - 80,000	Public
Decision: Rejected		ACT (breakdown)- 33 (36 E 29 M 36 R 29 M)		GPA (out of 4.0): 3.997	Top 10%		Ethnicity- White	Income Bracket- > $100k	School Type- Public
Decision: Accepted	SAT I (breakdown): n/a	ACT (breakdown): 34		GPA (out of 4.0): 3.98 (one B+ in calc 2)	Top 10%	female	white	Income Bracket: <20,000	public inner-city, title I
Decision: Rejected	SAT I: 1510 (800/710) (Didn't Submit)	ACT: 36 (36/36/35/36)	SAT II: Math II 800, Chemistry 800	GPA (out of 4.0): 3.9	10%	Male	White	Income Bracket: 250,000	Public
Decision: Rejected	SAT I (breakdown): 700 Reading/Writing, 780 Math	ACT (breakdown): Didn't take.	SAT II: 760 Bio, 800 Math II	GPA (out of 4.0): IDK, maybe around a 3.7	Top 10%	Female	African/Black	Income Bracket: 200k+	Public, Rural
Decision: Rejected	SAT I (breakdown):1370 (600r/770m)	ACT (breakdown):30 (34m/30s/28r/27e)	SAT II: did not take	GPA (out of 4.0): 4.0	Top 10%	Male	Indian	Income Bracket: 300k+	Public, suburban, new, competitive and "high tech"
Decision: Accepted		ACT (breakdown): 35 C (36 E, 35 R, 34 S, 33 M)	SAT II: 800 (US History), 750 (Math II)	GPA (out of 4.0): 4.0	Top 10%	Female	White	Income Bracket: Middle class	Public (I was the only person accepted into Yale, Brown and Penn this year. I was the second admit ever to Yale, and maybe to Brown as well. We also had our first admit to Harvard yesterday & a handful of acceptances from Cornell)
Decision: AcceptedObjective:	SAT I (breakdown): N/A	ACT (breakdown): 35 (36E 35M 34R 36S)	SAT II: 770 Math II, 750 Math I, 720 Chem	GPA (out of 4.0): 3.9	Top 10%	Female	White (Middle Eastern)	Income Bracket: <10,000$ (LOL)	NODET
Decision: Accepted	SAT I: 760R 800M 22E		SAT II: 800 Math II, 780 Chemistry, 780 Latin	GPA (out of 4.0): 4.0	Top 10%		sorta complicated but basically half ashkenazi jew, half caribbean black	Income Bracket: 200kish	private academic, full of high-achievers -- probably the best in my country
Decision: Accepted	SAT I (breakdown): 1530; Math: 800, Verbal: 730, 17 Essay	ACT (breakdown): Didn't take	SAT II: Math Level 2: 700, World History: 630	GPA (out of 4.0): 3.92	2	Male	Black	Income Bracket: 60-70K	Magnet
Decision: Accepted	SAT I (breakdown): 790 Math, 750 English, 19/24 Essay	ACT (breakdown): 35 English, 35 Math, 35 Reading, 34 Science	SAT II: 780 US History, 790 Math II, 800 Bio	GPA (out of 4.0): 3.9	Top 10%	Male	Asian	Income Bracket: 250k+	Public
Decision Rejected	SAT I (breakdown): First time 1380 Second time 1420 Third time 1500 (no super score)	ACT (breakdown): First time 25 Second time 29 Third time 32 (didn't submit) lol took the sat and act three time in a row within 3 month	SAT II: Chinese 800 Math II 750	GPA (out of 4.0): 3.55	Not Top 10%	Male	Asian Chinese ( I'm proud of my race)	Income Bracket: 20k Low income	Public
Decision: Accepted	SAT I (breakdown): 1540 one sitting	ACT (breakdown): N/A	SAT II: 750+ on Math & Bio	GPA (out of 4.0): 3.9	Top 10%	female	asian	Income Bracket: upper middle class	public
Decision: Accepted ED1 Objective:	SAT I (breakdown): N/A	ACT (breakdown):		GPA (out of 4.0):	N/A			Income Bracket(mention if FA candidate): N/A	
Decision: Deferred EA Objective:	SAT I (breakdown): NA	ACT (breakdown): 34C (34E, 35M, 35R, 32S)	SAT II: Math 2 - 800	GPA (out of 4.0): 3.95UW	NA	Male	White	Income Bracket(mention if FA candidate): 140k	Good public
Decision: Accepted Objective:	SAT I (breakdown): 770M 760R (1530)	ACT (breakdown): 36R 36S 35E 34M (35)	SAT II: 780 Math II, 780 Chemistry	GPA (out of 4.0): 3.9ish (My school doesn't tell us)	Top 10%	Male	Hispanic	Income Bracket:$50,000-$70,000	Public
Decision: ED1 Rejected Objective:	SAT I (breakdown): N/A	ACT (breakdown): 35C (English 35, Math 36, Science 34, Reading 34)	SAT II: Math II 800, Chemistry 760	GPA (out of 4.0): 3.75	N/A	Male	Asian	Income Bracket(mention if FA candidate): $0. We are living off my brother (serviceman in the US Army) bonus which is $24,000, but will decrease to $15,000 next year when he is stationed in the states.	Public High School (New Trier High School)
Decision: Deferred EA [/b][/color][/size]	SAT I (breakdown): N/A	ACT (breakdown): 35 (35 English, 34 Math, 36 Reading, 36 Science)	SAT II: 780 US 760 M2 750 World	GPA (out of 4.0): 4.0	N/A	Male	Caucasian	Income Bracket(mention if FA candidate): Upper middle class (75k-110k bracket)	Private preparatory
Decision: Accepted ED1 Objective:	SAT I (breakdown): 1540 composite (770/770, 7/8/7 essay)	ACT (breakdown): N/A		GPA (out of 4.0): 3.97	N/A			Income Bracket(mention if FA candidate):	
Decision: Accepted [/color][/size]	SAT I (breakdown): 1520	ACT (breakdown):N/A		GPA (out of 4.0):N/A	N/A	Male	White	Income Bracket(mention if FA candidate): no clue	Private
Decision: Rejected EA ][/Red	SAT I (breakdown):Test Optional	ACT (breakdown): Test Optional		GPA (out of 4.0):3.72	Top 10%	Male	African American (Nigerian)	Income Bracket(mention if FA candidate):73,000 for my dad working 2 jobs	Public Charter
Decision: Accepted EA	SAT I (breakdown): 1570 (800 M, 770 R/W)	ACT (breakdown): Didn’t take	SAT II: 800 Math II, 800 Chem, 790 BioM	GPA (out of 4.0): 3.98	My school does not rank	Male	African American	Income Bracket: < 40000	Specialized High School (Large Public)
Decision : Accepted	SAT I (breakdown): 1520 730 CR, 790 M	ACT (breakdown): 34 C , 35 W, 32 M, 33, S, 34 R	SAT II: didn’t take , didn’t need them	GPA (out of 4.0): 3.7	our school doesn’t rank	Female	hispanic	Income Bracket(mention if FA candidate): middle	decent public
Decision: Accepted ED1	SAT I: 1530, 800 M, 730 R/W	ACT: 34		GPA (out of 4.0): 4.0	Top 10%	Female	White		Public - 4000 students
Decision: Deferred	SAT I (breakdown): 1480	ACT (breakdown): Did Not Take		GPA (out of 4.0): 4.00	Top 10%	Female	White	Income Bracket: <$100,000	Public
Decision: Deferred EA Formatting PSA: put [ list] before each set of [ *] to get bulletsObjective:	SAT I (breakdown): 1600 (800 reading, 800 math, 6/6/6 essay)	ACT (breakdown): N/A	SAT II: 800 in Math II, 800 in Physics	GPA (out of 4.0): 4.0	N/A	female	Asian	Income Bracket (mention if FA candidate): >$200,000	selective public magnet, class size <100
Accepted	SAT I (breakdown): N/A	ACT (breakdown): 34	SAT II: 700 Biology E 720 Literature	GPA (out of 4.0): 3.91	Top 10%	Female	Black	Income Bracket(mention if FA candidate): Greater than 400k	Public
Decision: Waitlisted	SAT I: N/A	ACT: 30	SAT II: 710 Bio 710 US 610	GPA:3.81					
Decision: Waitlisted/b/color/size		ACT (breakdown): 34 Superscore		GPA (out of 4.0): 3.62	Not Top 10%	F	Asian	Income Bracket: ~130k	Public, competitive
Decision: Waitlisted	SAT I (Comp, Essay, CR, M, CW): n/a	ACT (Comp, Essay, Eng, Math, Read, Sci): 31: 35E, 34R, 29M, 25S	SAT II (Type, Score): n/a	GPA (out of ??): n/a	Top 10%	Male	African American	Income Bracket: less than 20k annually	Extremely low ranked Public
Decision: Accepted Objective:	SAT I (Comp, Essay, CR, M, CW): 1520 (17, 760, 760)	ACT (Comp, Essay, Eng, Math, Read, Sci): n/a	SAT II (Type, Score): 670 math II, 670 literature (didn't submit)	GPA (out of ??): 3.6	n/a	Female	African American	Income Bracket: middle class	Public
Decision: Rejected	SAT: 1590 (800M, 790V, 20 Essay)	ACT: didn't take	SAT II: 800 Math II, 800 Chem, 800 Spanish (Reading only)	GPA: 4.0	school doesn't rank	F	Asian	Income Bracket: ~$120k	Small public
Decision: Accepted	SAT I (breakdown): N/A	ACT (breakdown): 33 SS	SAT II: 730 USH 670 Lit	GPA (out of 4.0): 4.0	Top 10%	M	Black	Income Bracket: 60,000	Public
Decision: Waitlisted/b/color/size	SAT I (breakdown): N/A	ACT (breakdown): 34 C	SAT II: 800 M2 770 Bio-M	GPA (out of 4.0): 4.33	Top 10%	M	--	Income Bracket: --	Public
Decision: Waitlisted	SAT I (breakdown): N/A	ACT (breakdown): 34 C	SAT II: 800 M2 770 Bio-M	GPA (out of 4.0): 4.33	Top 10%	M	--	Income Bracket: --	Public
Decision: Waitlisted Objective:		ACT: (35,36, 35, 35, 34)	SAT II (Superscore): (1540, 21, 740, 800)	GPA:3.81	Top 10%	Female	Indian	Income Bracket: 200K +	Competitive Public
Decision: Deferred EA then Accepted	SAT I (breakdown): 1530 (760 Reading, 770 Math); Essay 8/8/7	ACT (breakdown): 36 (36E, 36M, 35R, 36S)	SAT II: 800 Molecular Biology, 760 Math II	GPA (out of 4.0): 4.00	Top 10%	Female	White		Private Parochial
Decision: Accepted[/b][/color][/size]	SAT I (Comp, Essay, CR, M, CW): didn't take it	ACT (Comp, Essay, Eng, Math, Read, Sci): 31 comp (34E, 25M, 35R, 28S)	SAT II (Type, Score): don't remember my scores to well but I didn't do too hot on Latin, and did pretty well on Literature and US History	GPA: 3.795	school does not rank	female	black	Income Bracket: not sure exactly but my family is well off	private catholic school
Decision: WaitlistedObjective:	SAT I (Comp, Essay, CR, M, CW): 1540, 21(? I don't remember), 780, 760	ACT (Comp, Essay, Eng, Math, Read, Sci): 35, 34, 35, 36, 33	SAT II: Math IIC 800, Korean 790, USH 730	GPA (out of 4.0): 4.0	Top 10%	F	Asian		Public
Decision: Waitlisted	SAT I (Comp, Essay, CR, M, CW): Didn't take	ACT (Comp, Essay, Eng, Math, Read, Sci): 33 (E:35, R: 35, M:30, S: 30)	SAT II (Type, Score): Didn't take	GPA (out of ??): 4.0	Not Top 10%	F	White	Income Bracket: didn't apply for FA	Private (competitive)
Decision: Waitlisted	SAT I (Comp, Essay, CR, M, CW): 1530 Superscore	ACT (Comp, Essay, Eng, Math, Read, Sci): 31 (Don't think I sent it though)	SAT II (Type, Score):Didn't send	GPA (out of ??): 4.0	Top 10%	Female	White		Public, somewhat rural
Decision: Waitlisted	SAT I (Comp, Essay, CR, M, CW): NA	ACT (Comp, Essay, Eng, Math, Read, Sci): 32, 33, 31, 36, 29	SAT II (Type, Score): NA	GPA (out of ??):	Top 10%	Male	White	Income Bracket: Middle Income	Public
Decision: AcceptedObjective:	SAT I (Comp, Essay, CR, M, CW): 1540 overall, 800 Reading, 770 Math, 680 Writing	ACT (Comp, Essay, Eng, Math, Read, Sci): N/A	SAT II (Type, Score): 1570 overall, 800 Reading and 770 Math	GPA: 4.0	1	Female	Asian and white	Income Bracket: Upper-middle class, applied and received financial aid (brother in college)	Public (w/ IB)
Decision: Rejected - Wharton[ /color]	SAT I (breakdown M/CR/W/Essay): 1520 (790 Math, 730 English, 16/24 Essay)	ACT (breakdown): NA	SAT II (subject, score): Math II: 800, Literature: 640	GPA: NA (School doesn't use GPA)	NA (School doesn't use rank)	Male	Indian	Income Bracket Range: Around $200,000	Private, Boarding, All Boys
Decision: Rejected - Wharton[ /color]	SAT I (breakdown M/CR/W/Essay): 1560 (790 M, 770 R, 24 Essay)	ACT (breakdown): None	SAT II (subject, score): 800 on Math II, Chemistry, World History	GPA: 3.99	Not Top 10%	Male	Asian	Income Bracket Range: 200k+	large public
Decision: Accepted - CAS[ /color]	SAT I (breakdown M/CR/W/Essay): NA	ACT (breakdown): 34	SAT II (subject, score): Spanish 800, us history 710	GPA: 3.85	Top 10%	F	Hispanic	Income Bracket Range: ~125k	parochial
Decision: Deferred - Wharton[ /color]	SAT I (breakdown M/CR/W/Essay): submitted both 1530 (790 math, 740 English, 20/24 essay) and 1570 (800 math, 770 English, no essay)	ACT (breakdown): n/a	SAT II (subject, score): math I 760 and 780, math II 800, biology e 800	GPA: 4.0	school doesn't rank	female	white	Income Bracket Range: middle class	public
Decision: Accepted - CAS[ /color]	SAT I (breakdown M/CR/W/Essay): 710 on Math and CR 19/24 Essay	ACT (breakdown): 31	SAT II (subject, score): 770 US History 740 Chemistry	GPA: 4.0	Top 10%	male	white	Income Bracket Range: upper middle class	Public School (low income school)
Decision: Deferred - Wharton[ /color]	SAT I: 1520 (790M, 730R)	ACT: 35 (35G, 35R, 35S, 33M)	SAT II: 770 physics, 800 math II	GPA: Unweighted - 3.94	nope we don't do that	Female	Chinese	Income Bracket Range: 250k I think	large public like 2500 kids
Decision: Deferred - CAS[ /color]	SAT I (breakdown M/CR/W/Essay): 750/760/21		SAT II (subject, score): 770 Math II, 730 Literature	GPA: 4.0	Top 10%	F	White	Income Bracket Range: 80k	Large (Low Income) Urban Public
Decision: Deferred - Wharton[ /color]		ACT (breakdown): 35 (36/36/35/33)	SAT II (subject, score): Math II (800)	GPA: 4.00 UW	Top 10%	Female	Asian	Income Bracket Range: $120,000	Public
Decision: Accepted - CAS	SAT I (breakdown M/CR/W/Essay): 800/750/22	ACT (breakdown): 36M, 36E, 34R, 33S	SAT II (subject, score): Math II: 800, Physics 760	GPA: 3.75	Top 10%	Female	White	Income Bracket Range: Doesn’t qualify for FA	Public, around 300 kids in grade
Decision: Rejected - Wharton[ /color]	SAT I (breakdown M/CR/W/Essay):1440 (660 Reading, 780 math)	ACT (breakdown):N/A	SAT II (subject, score):760 on Chemistry, 750 on Physics, 750 on math1, 740 on math2	GPA:3.775	Top 5%	Female	Asian	Income Bracket Range:>300,000	Public(Top three school in my city)
Decision: Rejected - Huntsman (Chinese)/Wharton	SAT I (breakdown M/CR/W/Essay): 1540 - 790 M, 750 W+R, 20 Essay	ACT (breakdown): 35 - 36M, 35R, 35 W, 33 S	SAT II (subject, score): 800 Math 2, 800 Chinese, did not submit a 660 in US History	GPA: 4	Top 10%	Male	Asian (Chinese)	Income Bracket Range: 100k+	Public, 2000+ students
Decision: Rejected - M&TDecision: Deferred - Engineering (applied second-choice as RD)ObjectiveSAT I (M/CR+W): 1560 (790/770)SAT I superscore (M/CR+W): 1570 (800/770)SAT II: Math II (800), Chemistry (790)Unweighted GPA: 3.95Rank: top 10% probably, school doesn't rankAP: Calculus BC (5), Statistics (5), Physics C: Mechanics (5), Physics C: E&M (5), Chemistry (5), Biology (5), Psych (5), English Lang (5), US History (4), World History (4)Senior Year Course Load: DE Linear Algebra/Differential Equations, DE International Business, AP CompSci Principles, AP Micro/Macro, PLTW Principles of Engineering, Business Internship, Creative ExpressionsNumber of other ED applicants in your school: 6-10Major Awards: none ripCommon Awards: NMSF, National AP Scholar, state-level public speakingSubjectiveExtracurriculars: few school-level clubs where I held tons of leadership... really could have worked harder to stand out here. I'm really passionate about everything I do, but I spread myself too thin and didn't do anything notably impressive.Job/Work Experience: intern for consulting firm, worked with cool companies but didn't do anything too specialVolunteer/Community Service: mentored middle schoolers in public speaking, related to my overcoming of social anxietySummer Experience: see above Job/Work ExperienceTeacher/Counselor Recommendations: 8-9/10, didn't get to see them but I'm really close with all of themInterview: 10/10, really connected with him and he really liked my overall "story", but this plays almost null role soWritingCommonApp Essay: 8/10 - overcoming social anxietyWhy Penn: 10/10 - hands down, best essay... I did focus on both SEAS and Wharton though, I know the prompt said only your second choice (SEAS for me)Disruptive Technology: 7/10 - BMIs, really passionate about this though it came off more academic than I'd have likedCreativity & Leadership: 6/10 - changed at last minute ripOtherDate Submitted App: 11/01, ifykykApplied for Financial Aid? NoU.S. State/Territory or Country: Midwest, not PASchool Type: Public, more competitive than most but not crazyEthnicity: Asian ripGender: MaleIncome Bracket Range: $200k+Hooks: N/AReflectionStrengths: scores, internship, relationships (recs/interview)Weaknesses: not doing anything substantial in high school Where else were you accepted/deferred/rejected: nothing noteworthy yet, expecting Michigan result on 19thWhat would you have done differently?: cured cancer. jk, but still I would have focused my efforts on a specific thing - enacting a quantifiable change (founding a nonprofit and raising $20k+), creating a profitable business, winning a major competition (Olympiad, Intel)	SAT I (M/CR+W): 1560		SAT II: Math II (800), Chemistry (790)	GPA: 3.95	Top 10%	Male	Asian	Income Bracket Range: $200k	Public
Decision: Rejected - Huntsman	SAT I (breakdown M/CR/W/Essay): 1420 in one sitting- 760/740CR & 640/680M	ACT (breakdown):30- 29M, 33R, 31W, 27S	SAT II (subject, score):taken, but not in time for app	GPA:I'm not sure? 4.0 UW I think? I've switched schools a lot, so I'm not up to date on all my stats	Top 10%	female	white	Income Bracket Range:can't say exactly	Now public, last year German, before that very small private
Decision: Rejected - M&T[ /color]	SAT I (breakdown M/CR/W/Essay): 800/730/18	ACT (breakdown):	SAT II (subject, score): 790 French 740 Math 2 710 Chem	GPA: 4.0	Top 10%	M	Bengali	Income Bracket Range: 150k	canadian CEGEP
Decision: Accepted - CAS[ /color]	SAT I (breakdown M/CR/W/Essay): N/A	ACT (breakdown): 33 (R: 36, M: 31, E: 32, S: 31)	SAT II (subject, score): did not take-ik oof	GPA: school does not have gpa but I when I applied for some scholarships I had to calculate it and it was a 3.92	School does not rank	Female	White/Jewish	Income Bracket Range: over 500,000	Private
Decision: Deferred - Wharton	SAT I (breakdown M/CR/W/Essay): 1560 -- 790/770	ACT (breakdown): 34 single sitting composite	SAT II (subject, score): 800s on math 2 and physics	GPA: 4.00	N/a	Male	White jew	Income Bracket Range: middle class suburbia	Public and good, but not one of those whack schools. ACT avg is like 24 for reference
Decision: Rejected - Wharton	SAT I (breakdown M/CR/W/Essay): 1590: 800 M / 790CR (one sitting)	ACT (breakdown):	SAT II (subject, score): Math Level II 800.	GPA: 3.7	Top 10%	Male	Caucasian	Income Bracket Range: Too much to qualify for financial aid	Public HS
Decision: Accepted - Nursing[ /color]	SAT I (breakdown M/CR/W/Essay): N/A	ACT (breakdown): 33 (35 English, 32 Math, 32 Reading, 32 Science)	SAT II (subject, score): N/A	GPA: 3.84 UW	N/A	Female	White	Income Bracket Range: ~180k	Public 2000+ students
Decision: Rejected - Wharton[ /color]	SAT I: 1570 (800M 770R) Only sitting	ACT (breakdown): 36C (36E 36M 35R 36S)	SAT II (subject, score): 800-Math Level II, 750 US History, 740 Literature	GPA: 4.0	Top 10%	Male	White	Income Bracket Range: 100k+	Public
Decision: Rejected - SEAS	SAT I (breakdown M/CR/W/Essay): 1470 740M/730R	ACT (breakdown): n/a	SAT II (subject, score): didn't submit	GPA: 3.97	Top 10%	male	white	Income Bracket Range: 200k+	public
Decision: Rejected - SEAS[ /color]	SAT I superscore (breakdown M/CR/W/Essay): 1530 (730CR, 800M)		SAT II (subject, score): 780 Math II, 730 Chemistry	GPA: 4.0	Top 5%	Male	White	Income Bracket Range: Less than 100,000	Public
Decision: Rejected - SEAS[ /color]	SAT I (breakdown M/CR/W/Essay): 790/760/21	ACT (breakdown):	SAT II (subject, score):800 Math II, 800 Chem	GPA: 3.7	N/A	Male	Asian	Income Bracket Range:70 000 k	Public
Decision: Rejected - Wharton (RED)	SAT I (breakdown M/CR/W/Essay): 1280; 650/630 20/24 Essay	ACT (breakdown): N/A	SAT II (subject, score): N/A	GPA: 3.89	Does not report	Male	Half Pacific Islander, Half White	Income Bracket Range: 160K+	Private Catholic School
Decision: Rejected - CAS	SAT I (breakdown M/CR/W/Essay): N/A	ACT (breakdown): 35C (36E, 34M, 35R, 34S)	SAT II (subject, score): Spanish w/ Listening (800), Literature (710)	GPA: 3.77	Top 10%	M	Hispanic	Income Bracket Range: Pell-grant	Mid/large public
Decision: Accepted - CAS[ /color]	SAT I (breakdown M/CR/W/Essay): N/A	ACT : 33C	SAT II (subject, score): Biology 710, Literature 650	GPA: 3.97	N/A	F	Asian	Income Bracket Range: rather not say	Private all girls, small
Decision: Rejected - CAS	SAT I (breakdown M/CR/W/Essay): 1560; 800/760; 20/24	ACT (breakdown): 36; 36,36,35,35	SAT II (subject, score): Math II - 800; Chem - 770; Bio E - 760	GPA: 3.98	Top 10%	Female	Asian	Income Bracket Range: 200k+	Public
Decision: Accepted - Nursing	SAT I (breakdown M/CR/W/Essay): 1500 - 770CR / 730M	ACT (breakdown): 34 - 36W / 35R / 35S / 29M	SAT II (subject, score): Didn't study so I did bad and didn't send	GPA: Technically my school doesn't calculate GPA but it's somewhere around 3.5	School doesn't rank	Female	Black	Income Bracket Range: 200k+	STEM Magnet Boarding School
Decision: Deferred - CAS[ /color]	SAT I (breakdown): 740 R+W 730 M 1450C	ACT (breakdown): 35E 35M 32R 28S (rip) 33C	SAT II: 740 Bio M, 730 Math II, 800 Spanish w listening	GPA (out of 4.0): 3.96	n/a	F	Hispanic/Latino, racially Chinese	Income Bracket: high	international, private, large
Decision:Accepted-CAS	SAT I (breakdown M/CR/W/Essay): 1540 (780 reading 760 math) 24 essay single-sitting	ACT (breakdown): didn't send	SAT II (subject, score): Math 2: 780 Chem: 780	GPA: 3.88	n/a	Male	Asian	Income Bracket Range: low af	Public
Decision: Rejected - Wharton[ /color]	SAT I (breakdown M/CR/W/Essay): 1550 (750 English, 800 Math)		SAT II (subject, score): 800 Math II, 700 US History, 670 World History	GPA (out of 4.0): 4.0	N/A	Male	White		Large Public School
Decision status: Rejected - Wharton for BEPP [/color]	SAT I (breakdown M/ERW): 1500 - 790/710 (NEW) (Best sitting)		SAT II (subject, score): Math II, 800 (Best sitting)	GPA: NA (Around 3.7 UW )	Top 10%	Male	Asian (Indian)	Income Bracket Range:	
Decision: Accepted - CAS	SAT I (breakdown M/CR/W/Essay): 1590 (800 M, 790 CR/W)		SAT II (subject, score): 800 Bio M, 800 Math II	GPA: 4.0	Top 10%	M	Asian	Income Bracket Range: > 200k	Public
Decision: Accepted - CAS	SAT I (breakdown M/CR/W/Essay): N/A	ACT (breakdown): Composite 35 (Math 35, Science 36, English 34, Reading 33)	SAT II (subject, score): Math level II 800 / Chemistry 800 / Physics 800	GPA: 4.0	Top 10%	Male	Asian (Korean)	Income Bracket Range: Just a decent middle class Korean family	International Boarding School
Decision: Accepted - Nursing	SAT I (breakdown M/CR/W/Essay): N/A	ACT (breakdown): 34C (30M, 36R, 34W, 35S)	SAT II (subject, score): N/A	GPA: pretty bad	school doesn't rank	female	white	Income Bracket Range: middle class	public
Decision: Accepted - SEAS[ /color]	SAT I (breakdown M/CR/W/Essay): 1580 (800 M, 780 E)	ACT (breakdown): N/A	SAT II (subject, score): 800 Math II, 800 Chem, 800 Physics	GPA: 4.0	Top 10%	female	Asian (Indian)	Income Bracket Range: ~250k	medium public
Decision: Accepted, School of Nursing	SAT I (breakdown M/CR/W/Essay): N/A	ACT (breakdown): 35C (36R, 35E, 34S, 33M) one sitting	SAT II (subject, score): 800 Biology E	GPA: UW: 3.99	Does not rank	Female	Taiwanese haha	Income Bracket Range: Less than $25,000	Small, EXTREMELY competitive public school (ranked U.S. top 25 high school)
Decision: Rejected	SAT I (Comp, Essay, CR, M, CW):1490, 19, 33,800, 36	ACT (Comp, Essay, Eng, Math, Read, Sci):N/A	SAT II (Type, Score):Chem-770 Math II-800	GPA (out of 4.0):4.0	Top 10%	Male	Asian	Income Bracket: 200K+	Public
Decision: Accepted!!!!!!!!!!		ACT (Comp, Essay, Eng, Math, Read, Sci): 34,35,35,36,28	SAT II (Type, Score): none	GPA : 4.0	Top 10%	Male	White	Income Bracket: 30k-50k	Public, suburban
Decision: RejectedObjective:	SAT I: N/A		SAT II:	GPA: N/A	N/A	Male	Asian	Income Bracket: 130k currently, 100k next year (mom's quitting her job)	International
Decision: Accepted[/b][/color][/size]	SAT I (breakdown): Didn't take	ACT (breakdown): 35 C (35 E, 35 M, 32 R, 36 S)	SAT II: Didn't take	GPA (out of 4.0): 3.9	Not Top 10%	Female	White	Income Bracket: Would rather not say	Rural Public
Decision: ACCEPTED!!!	SAT I (breakdown): Didn't take	ACT (breakdown): 35 C (35 E, 35 M, 32 R, 36 S)	SAT II: Didn't take	GPA (out of 4.0): 3.695	Not Top 10%	Female	White	Income Bracket: Rather not say	Rural Public
Decision: Accepted (to Medill for Journalism)	SAT I (Comp, Essay, CR/W, M): 1530, 14, 790, 740	ACT (Comp, Essay, Eng, Math, Read, Sci): n/a	SAT II (Type, Score): Math 1 (660), US History (660), English Lit (790)	GPA (out of ??): n/a (school only uses uw GPAs)		Female	Asian/white	Income Bracket: $80,000	homeschooled, part of a PSP if that means anything to you
Decision: Rejected	SAT I (Comp, Essay, CR, M, CW): 1570, 770 English, 800 Math	ACT (Comp, Essay, Eng, Math, Read, Sci): 36, E36 M36 R35 S36	SAT II (Type, Score): 800 on Math II, 750 on US History, 740 on Lit	GPA (out of ??): School doesn't do that	Top 10%	Male	White	Income Bracket: 100k-120k	Public Magnet
Decision: Accepted	SAT I (breakdown): 1550, 800 M, 750 CR	ACT (breakdown): 35 E, 35 M, 34 R, 34 S	SAT II: 780 US History, 780 Math II	GPA (out of 4.0): 4.0	None	Male	White	Income Bracket: About 250k	Public
Decision: Accepted	SAT I (Comp, Essay, CR, M, CW): 1560, 7 7 7 essay, 790 M, 770 R	ACT (Comp, Essay, Eng, Math, Read, Sci): N/A	SAT II (Type, Score): Math II - 800, Biology (Molecular) - 760, Literature - 740	GPA (out of ??): 4.0	Top 10%	Female	East Asian	Income Bracket: ~100k	public
Decision: Accepted[/b][/color][/size]	SAT I (Comp, Essay, CR, M, CW): 1570, 21 essay, 800 M, 770 R	ACT (Comp, Essay, Eng, Math, Read, Sci): N/A	SAT II (Type, Score): Math II - 800, Chemistry - 790, US His-800	GPA (out of ??): 4.5 out of 5		Male	Chinese (R I PPPPPPPPPPPP)	Income Bracket: ~100k	public
Decision: Waitlisted	SAT I (Comp, Essay, CR, M, CW): 1390 (18/24, 700/690)	ACT (Comp, Essay, Eng, Math, Read, Sci): 30 (34, 26, 30, 30)	SAT II (Type, Score): World History - 720, US History - 680	GPA (out of ??): N/A	Top 10%	Female	Filipino	Income Bracket: 83K	Public
Decision: Accepted, CAS	SAT I (Comp, Essay, CR, M, CW): nope	ACT (Comp, Essay, Eng, Math, Read, Sci): 34 (36, 32, 36, 31)	SAT II (Type, Score): 800 Spanish, 730 USH	GPA (out of ??): 4.0	Top 10%	Male	Hispanic	Income Bracket: 40K	Public, large
Decision: AcceptedObjective:	SAT I (Comp, Essay, CR, M, CW): N/A	ACT (Comp, Essay, Eng, Math, Read, Sci):34C (Essay 8, 35, 32, 34, 33)	SAT II (Type, Score): 660 Math II and 650 English Lit (rip for days)	GPA (out of 4.0): 4.0	Top 10%	Female	White	Income Bracket: $50K	Large public
Decision: Accepted (to the college of arts and sciences and the Bienen school of music)	SAT I (breakdown): 1460, 730 math 730 English	ACT (breakdown):	SAT II: 790 math 2, 740 literature	GPA (out of 4.0): 3.96	school doesn’t rank, but probably top 10%	female	white	Income Bracket(mention if FA candidate):	public
Decision: Waitlisted	SAT I (Comp, Essay, CR, M, CW): 1530 Comp, 6-6-6 essay, 730 Reading/Writing, 800 Math	ACT (Comp, Essay, Eng, Math, Read, Sci): none	SAT II (Type, Score): Math II: 780, Math I: 700, Biology E: 730	GPA (out of ??): 4.0	Top 10%	Female	White	Income Bracket: upper middle class	Public
Decision: Accepted[/b][/color][/size]	SAT I (Comp, Essay, CR, M, CW): 1570, 21 essay, 800 M, 770 R	ACT (Comp, Essay, Eng, Math, Read, Sci): N/A	SAT II (Type, Score): Math II - 800, Chemistry - 790, US His-800	GPA (out of ??): 4.0		Male	Chinese (R I PPPPPPPPPPPP)	Income Bracket: ~100k	public
Decision: Accepted	SAT I (Comp, Essay, CR, M, CW): Did Not Submit	ACT (Comp, Essay, Eng, Math, Read, Sci): 34 (35 Eng, 31 Math, 35 Reading, 34 Science, 8 Writing)	SAT II (Type, Score): 620 Literature, 720 Math I and US History	GPA (out of ??): School doesn't calculate	N/A	Male	African American	Income Bracket: High	Private
Decision: Rejected	SAT I (breakdown): 1540 (780 Math, 760 English)	ACT (breakdown): C:35 (E35,M36,R35,S34) one sitting	SAT II: Math 2: 800, US History: 760	GPA (out of 4.0): 3.8UW	School does not rank	Male	White	Income Bracket: high	Public Charter
Decision: ACCEPTED	SAT I (breakdown): 1470 (800 Math, 670 EBRW) - taken in sophomore year one sitting		SAT II: Math 2: 800, Chemistry: 740	GPA (out of 4.0): 3.9UW		Male	East Asian	Income Bracket: Medium/High	Private Christian
Decision: Rejected	SAT I (breakdown): 1410	ACT: NA		GPA (out of 4.0): 4.0 UW	School does not rank	Female	White	Income Bracket: <100,00	Small Public
Decision: Rejected	SAT I (breakdown): 1510	ACT: none		GPA (out of 4.0): 3.81	school doesnt do	M	Indian	Income Bracket:high	Large Public
Decision: Rejected	SAT I (breakdown): NA	ACT: 34C(34E,35M,35R,32S)	SAT II: 800 - Math 2	GPA (out of 4.0): 3.95UW with max rigor.	NA	Male	White	Income Bracket: 140k-150k	best public in my area
Decision: Accepted	SAT I (breakdown): none	ACT: 36C	SAT II: Physics - 800, Math II - 800, US History - 800	GPA (out of 4.0): 4.00	Top 10%	Male	Asian	Income Bracket: Upper middle	Large Public
Decision: Rejected	SAT I (breakdown): 1590 (800 Math, 790 English)	ACT (breakdown): didn't take	SAT II: Math 2: 800, Chemistry: 800, Biology: 800	GPA (out of 4.0): 4.0UW	School does not rank	Male	Asian	Income Bracket: high	Huge Public
Decision: Accepted	SAT I (breakdown): 1480	ACT: 35C	SAT II: Math 2 - 800, Biology E - 790	GPA (out of 4.0): 4.0	N/A	Male	White	Income Bracket: Lower Middle	Public Boarding School
Decision: Accepted!	SAT I (breakdown): didn’t send	ACT: C: 36 (E36, M35, R36, S35)	SAT II: Math II: 770, Spanish with Listening: 780	GPA (out of 4.0): 4.0UW	school does not rank		Hispanic, White	Income Bracket: upper middle class	Suburban Public
Decision: Waitlisted		ACT: 33C (35E, 32M, 33R, 33S)		GPA (out of 4.0): 3.76	n/a	Female	White	Income Bracket: $750,000+	Small Private
Decision: Accepted	SAT I (breakdown): Didn't send	ACT: 35C (36E/35R/35M/35S)	SAT II: Didn't send	GPA (out of 4.0): 4.0	Top 10%	Female	Asian	Income Bracket: $250k+	Top 10 Public school in my state
Decision: Deferred		ACT: 33 ( 36 E, 35 R, 29M, 31S)		GPA: 3.9	Top 10%	F	White		Public
Decision: Accepted!!!	SAT I (breakdown): didn’t take	ACT: 35/36 36 all sections except math 32	SAT II: 800 Math2	GPA (out of 4.0): 3.72	n/a	Female	White	Income Bracket: Highest	Private, Top 20
Decision: Accepted	SAT I (breakdown): N/A	ACT: 33C 36R, 34E, 31M, 30S	SAT II: 800 US History	GPA (out of 4.0): 3.92	Top 10%	Male	Black	Income Bracket: 80-110k	Public
Decision: Deferred	SAT I (breakdown): N/A	ACT: 35 one sitting (E:35 M:33 R:36 S:34)	SAT II: N/A	GPA (out of 4.0): 3.85	N/A	Female	Asian (Korean)	Income Bracket: would get some aid but not much	super competitive public
Decision: Accepted	SAT I (breakdown): 1560 800 Math, 760 CR	ACT: n/a	SAT II: 730 Bio, 710 Math 2	GPA (out of 4.0): 4.0	Top 10%	M	white	Income Bracket: high	public
Decision: Rejected	SAT I (breakdown): didn't send	ACT: 30 C (29 R, 29 M, 31 E, 29 S)	SAT II: didn't send	GPA (out of 4.0): 4.0	Top 10%	F	Asian	Income Bracket: lower middle class (single mom)	Very large suburban public (2,400+)
Decision: Accepted!!!! Never been this happy in my life!!!	SAT I (breakdown): 1550 Combined, 770 English and 780 Math	ACT: Didn't take.	SAT II: 790 US History, 740 Literature	GPA (out of 4.0): 4.0	Top 10%		White	Income Bracket: $200,000 but applied for financial aid	Public, average ranking
Decision: Accepted!!!	SAT I (breakdown): N/A	ACT: 35C (36S 36M 34E 35R) One sitting	SAT II: Math I 750 Chem 740	GPA (out of 4.0): 4.0UW	Top 10%	Female	White	Income Bracket: applied for Financial aid	Public
Decision: Accepted	SAT I (breakdown M/CR/W/Essay): 1540 [800 – Math, 740 – Reading & Writing]	ACT (breakdown): 34	SAT II (subject, score): 800 – Math 2, 800 – Physics 1, 760 - Chemistry	GPA: 4.0	Top 10%	Male	Indian	Income Bracket Range: Good	High School about 2000 students
Decision: WaitlistedObjective:	SAT I (breakdown): 1550 (790 M, 760 R) All in one sitting	ACT (breakdown): 34 but didn't send	SAT II: 800 Math II, 700 USH, 700 Chem	GPA (out of 4.0): 4.0	Top 10%		Asian (Indian)	Income Bracket: 2 high 4 aid	Public
Decision: Accepted	SAT I (breakdown): 1560 (770E, 790M)	ACT (breakdown): n/a	SAT II: 800 Math 2, 760 Spanish	GPA (out of 4.0): 4.0	n/a	Female	Asian	Income Bracket: 60-90k	private school, pretty elite tbh
Decision: RejectedObjective:	SAT I (Comp, Essay, CR, M, CW): 1390 (part of the reason why my score is so low is probably bc of CR/CW because english is not my first language and I STRUGGLED lmao)	ACT (Comp, Essay, Eng, Math, Read, Sci): n/a	SAT II (Type, Score): 770 Math II	GPA (out of ??): n/a (international student)	Top 10%	Female	Black	Income Bracket: idk? upper middle class	Private, french speaking school
Decision: AcceptedObjective:	SAT I (Comp, Essay, CR, M, CW): N/A	ACT (Comp, Essay, Eng, Math, Read, Sci): 33C (8 Essay, 31E, 33M, 33R,35S)	SAT II (Type, Score): 710 Math II	GPA (out of ??): N/A	Top 10%	Female	Hispanic/White	Income Bracket: ~$70,000	Public
Decision: AcceptedObjective:	SAT I (Comp, Essay, CR, M, CW): 1530, 7/7/7, 760RW 770M	ACT (Comp, Essay, Eng, Math, Read, Sci): nope	SAT II (Type, Score): Math II 790, Bio E 760, USH 800	GPA (out of ??): 4.0	Top 10%	female	Russian/white	Income Bracket: <100,000	public
Decision: Accepted with Woodrow Wilson Fellowship & Academic Excellence Scholarship Objective:		ACT (breakdown): 35 C (36 E, 35 R, 34 S, 33 M)	SAT II: 800 (US History), 750 (Math II)	GPA (out of 4.0): 4.0	Top 10%	Female	White	Income Bracket: Middle class	Public
Decision: AcceptedObjective:	SAT I (Comp, Essay, CR, M, CW): 1540 Comp, 6/5/6 essay, 800 reading/writing, 740 math	ACT (Comp, Essay, Eng, Math, Read, Sci): Didn't take	SAT II (Type, Score): Math II: 750, Chem: 710 (yikes haha it had been a while)	GPA (out of ??): 4.0	Top 10%		Biracial Asian and White	Income Bracket: Middle class	Public
Decision: AcceptedObjective:	SAT I (Comp, Essay, CR, M, CW): 1540, 6/5/6 essay, 740, 800)	ACT (Comp, Essay, Eng, Math, Read, Sci): none	SAT II (Type, Score): 750 (Math II), 710 (Chem) yikes haha	GPA (out of ??): 4.0	Top 10%		Biracial Chinese and White	Income Bracket: middle class	Public
Decision: Accepted (!!!)	SAT I (breakdown): Didn't send	ACT (breakdown): 34C 36R 36W 29M 34S	SAT II: Not too hot so I didn't send	GPA (out of 4.0): 3.845	Top 10%	Female	White/Hispanic	Income Bracket: >100k	Catholic
Decision: Accepted with Woodrow Wilson Fellowship	SAT I: 1540 (750 English, 790 Math)		SAT II (Type, Score): US History: 800, Bio M: 780, World History: 800	GPA: 4.0	Top 10%	Male	Hispanic	Income Bracket: 150,000+	Very Competitive Public
Decision: AcceptedObjective:	SAT I (breakdown): 790M 750E - 1540	ACT:	SAT II: Physics (800) - Chemistry (800) - Math 2 (750)	GPA (out of 4.0): 4.0	Top 10%	M	Hispanic	Income Bracket: High	Suburban Public
Decision: Accepted/b/color/size	SAT I (Comp, Essay, CR, M, CW): 1580 (780 R, 800 M)	ACT (Comp, Essay, Eng, Math, Read, Sci): Didn't take	SAT II (Type, Score): Bio Molecular (800), Chemistry (800), Math (800), US History (780), and a horrendous German score that I didn't submit	GPA (out of ??): Weighted GPA confuses me so I'm just gonna put UW	Top 10%	M	Didn't put on app	Income Bracket: Above average	Public school (medium size)
Decision: Waitlisted	SAT I (breakdown): N/A	ACT (breakdown): 35C, 35M, 35S, 34R, 35W	SAT II: 800 Chinese, 800 Math II, 760 Chem, 710 US History	GPA (out of 4.0): 3.92	Top 10%	Male	Asian, Chinese	Income Bracket: $100k-$125k	Public
Decision: AcceptedObjective:	SAT I: N/A	ACT: 35 (35E/36M/34R/36S)	SAT II: 800 Math II, 720 Bio E	GPA: 3.85	1	Male	White		Private
Decision: WaitlistedObjective:	SAT I (Comp, Essay, CR, M, CW): Did not take	ACT (Comp, Essay, Eng, Math, Read, Sci): 35 (35 eng, 35 math, 36 read, 34 sci)	SAT II (Type, Score): 800 molecular bio, 800 chem, 720 Japanese	GPA: uh I don't really know...maybe 4.0	Not given (very small class)	Male	White	Income Bracket: Too high for financial aid	Private rural (tiny)
Decision: Accepted with Woodrow Wilson Fellowship	SAT I: 1540 (750 Eng, 790 Math)		SAT II: 800 US History, 780 Bio M, 800 World History	GPA: 4.0	Top 10%	Male	Hispanic	Income Bracket: 150,000+	Competitive Public
Decision: AcceptedObjective:	SAT I (Comp, Essay, CR, M, CW): N/A	ACT (Comp, Essay, Eng, Math, Read, Sci): 32	SAT II (Type, Score): 710 in Math I	GPA (out of ??): 4.0	Top 10%	Male	BLACK	Income Bracket: POOR	Public School 80% Black
Decision: Accepted	SAT I (Comp, Essay, CR, M, CW): 1500	ACT: None	SAT II (Type, Score): 800 in two tests	GPA (out of ??): 4.0	Top 10%	Male	multiracial	Income Bracket: upper middle class	Private
Decision: Accepted	SAT I (Comp, Essay, CR, M, CW): 1450 M:740 CRW: 710	ACT (Comp, Essay, Eng, Math, Read, Sci): 32 one sitting	SAT II (Type, Score): Math II 600 Literature 610 .....	GPA: 4.0	10%	Female	Latinx	Income Bracket: 100k ish (financial aid really pulled through)	Public
Decision: Accepted	SAT I (breakdown): -	ACT (breakdown): 33 (34 English, 31 Math, 32 Reading, 34 Science)	SAT II: 760 US History	GPA (out of 4.0): GPA is done weird at my school, but around a 3.9	Top 10%	Female	Asian (Indian)	Income Bracket: around 100k	Large, Unranked Public School
Decision: Accepted	SAT I (breakdown): 1570 (800 math, 770 reading), 19/24 on essay	ACT (breakdown):	SAT II: 800 Math 2, 790 Chem	GPA (out of 4.0): 4.0	Top 10%	F	Asian	Income Bracket: Middle to High	Public
Decision: Accepted	SAT I (breakdown): 1570 (800 M, 770 R/W)	ACT (breakdown): Didn’t take	SAT II: 800 Math II, 800 Chem, 790 BioM	GPA (out of 4.0): 3.98	My school does not rank	Male	African American	Income Bracket: < 40000	Specialized High School (Large Public)
Decision: Deferred	SAT I (breakdown): 1490 (790 Math, 700 RW, 22/24 Essay)	ACT (breakdown): 34	SAT II: Math II: 800, Physics: 720	GPA (out of 4.0): Don't know specifically.	Top 10%	Male	White, European	Income Bracket: Middle Class	Public
Decision: AcceptedObjective:	SAT I (breakdown): 1550 (750 Reading, 800 Math), no essay	ACT (breakdown): 34 (36 English, 34 Math, 31 Reading, 34 Science, 9 Essay)	SAT II: 800 Physics, 800 Math 2, 730 Chemistry (did not submit)	GPA (out of 4.0): 4.0	Top 10%	M	Asian	Income Bracket: Prefer not to disclose	Public
Decision: AcceptedObjective:	SAT I (breakdown): 1590 (800M, 790EBRW, 5/4/6 (oops))	ACT (breakdown): n/a	SAT II: 800 Math II, 800 Physics	GPA (out of 4.0): 4.0	Top 10%	Male	Asian	Income Bracket: Middle	Public
Decision: Accepted	SAT I (breakdown): 1570	ACT (breakdown): N/A	SAT II: 800 Math II, 780 Chemistry, 780 US History , 750 Biology M	GPA (out of 4.0): 4.0	N/A	Female	Asian	Income Bracket: $100,000+	Large public, pretty good school for STEM
Decision: Accepted	SAT I (breakdown): none	ACT (breakdown): 35 Composite, 35 Math, 32 Science, 36 English, 35 Reading, 8 Writing	SAT II: Math II, 800 and Physics, 770	GPA (out of 4.0): 4.0	Top 10%	Female	Filipino and Chinese	Income Bracket: $200,000+	Public
Decision: Rejected	SAT I (breakdown): 1510 (780 M, 730 R&W)	ACT (breakdown):	SAT II: 780 Math II, 750 Chemistry	GPA (out of 4.0):		Female	Indian	Income Bracket:	Specialized Public
Decision: Waitlist Objective:	SAT I (breakdown M/CR/Essay): 1570 (800/770/20)	ACT (breakdown): 36	SAT II (subject, score): Physics, 800 - Math II: 800 -	GPA (out of 4.0): ~4.0	Top 10%	Male	White, but parents immigrated from Europe	Income Bracket Range: 120k - 140k (high nationwide but average/low for Long Island)	small, crappy public school
Decision: Waitlist Objective:	SAT I (breakdown M/CR/Essay): 1570 (800/770/20)	ACT (breakdown): 36	SAT II (subject, score): Physics, 800 - Math II: 800 -	GPA (out of 4.0): ~4.0	Top 10%	Male	White, but parents immigrated from Europe	Income Bracket Range: 120k - 140k (high nationwide but average/low for Long Island)	small, crappy public school
Decision: Rejected Objective:	SAT I (breakdown M/CR/W/Essay): 1370 (670/700/19) and 1370 (680/690/14)	ACT (breakdown): 31 (35E/34M/26R/29S/9W)	SAT II (subject, score): 660 USH and Math 2; 650 Bio-E; 620 Physics	GPA (out of 4.0): 3.2	Not Top 10%	Female	Caucasian	Income Bracket Range: $45k-50k	Public
Decision: Rejected	SAT I (breakdown M/CR/W/Essay): Didn't take	ACT (breakdown): 34	SAT II (subject, score): Math2 - 790; Chem - 760	GPA (out of 4.0): 3.92	school does not rank	male	white	Income Bracket Range: high	Private college prep
Decision: Rejected [/b]Objective:	SAT I (breakdown M/CR/W/Essay): Math 780, ERW 740, 18 essay	ACT (breakdown): NA	SAT II (subject, score): Physics, 740; Math 2, 800	GPA (out of 4.0):4.0	Top 10%	male	White, 25% Asian	Income Bracket Range: >200k	Public, large (~1800)
Decision: Waitlisted! Objective:	SAT I (breakdown M/CR/W/Essay): didn't submit	ACT (breakdown): 35 composite (M34 S36 E35 W33)	SAT II (subject, score): Physics 780, Math II 780	GPA (out of 4.0): idk	Top 10%	Female	White	Income Bracket Range: ~$75K (in USD)	Just your average public high school
Decision: WaitlistedObjective:	SAT I (breakdown M/CR/W/Essay): 1540 (M 780 / E 760 / Essay 22)	ACT (breakdown): 33 (35 E / 35 M / 31 R / 29 S / 8 W)	SAT II (subject, score): Math Level 2 (800), Chemistry (800), Physics (760)	GPA (out of 4.0): 3.98	Top 10%	Male	White	Income Bracket Range: $100,000-$110,000; middle-low income for my city	medium-large, suburban public high school in the San Francisco Bay Area; about 3,000 students
Decision: Waitlisted Objective:	SAT I (breakdown M/CR/W/Essay): 1570 (800/770/17) Didn’t submit	ACT (breakdown): 36	SAT II (subject, score): Math II – 800; Chemistry – 800; US History – 790; Biology E - 730	GPA (out of 4.0): 4.0	Top 10%	Male	Asian (Chinese)	Income Bracket Range: ~$150,000	Large public, ~2,000 students in total
Decision: Rejected	SAT I (breakdown):1570 (770 ERW, 800 Math)	ACT (breakdown):	SAT II: 800 Chem, 800 Math II	GPA (out of 4.0): 3.88	None provided by school (school does not rank)	Male	Asian	Income Bracket: Around 100k	High ranking public school
Decision: AcceptedObjective:		ACT (breakdown): 34 composite (35 English, 35 Math, 36 Reading, 29 Science)	SAT II: 740 Bio E, 760 Math II	GPA (out of 4.0): 4.0		F	White	Income Bracket: under $90,000 a year	Charter
Decision: Accepted	SAT I (breakdown): did not submit	ACT (breakdown): 33 (35E, 27M, 33R, 35S)	SAT II: 670 M1 and 760 BioM	GPA (out of 4.0): 3.7	N/A	F	White	Income Bracket: 100k+	Public
Decision: Accepted	SAT I (breakdown): 1350 (650E 700M)	ACT (breakdown):32 (31E 33M 31R 31S)	SAT II: 690 Bio M 720 Math II (Not submitted)	GPA (out of 4.0): 4.0	Top 10%	Male	Mexican	Income Bracket: Yikes, low-income, all I wanna say	Public
Decision: Deferred	SAT I (breakdown): N/A (Didn’t submit)	ACT (breakdown): 35 (35 E, 34 M, 36 R, 35 S)	SAT II: 780 Math II 770 US History	GPA (out of 4.0): 3.98	Top 10%	Male	Asian	Income Bracket: Wealthy	Somewhat Competitive Public
Decision: Rejected	SAT I (breakdown): Didn't submit	ACT (breakdown): 33 C (35 E, 33 M, 32 R, 33, S)	SAT II: Didn't submit	GPA (out of 4.0): Unweighted: 4.0,	Top 10%	M	White	Income Bracket: Very low income: <30,000 but high in valued assets >100,000	Competitive School of choice, required GPA to be considered for ethnicity
Decision: Rejected	SAT I (breakdown): 1440 (730 English, 710 Math)	ACT (breakdown): 32 (35 Science, 30 Math, 35 English, 28 Reading)	SAT II: Did not send. Testing schedule just didn't work with all the bad things happening in my life.	GPA (out of 4.0): 3.75	Not Top 10%	Female	Latina	Income Bracket: 40,000-50,000. Elevated by around 20k because my parents messed up their tax returns.	Public Magnet
Decision: Rejected	SAT I (breakdown): 1340 680R 660M	ACT (breakdown): 32C 27M 34S 32E 35R	SAT II: n/a	GPA (out of 4.0): 3.756	Not Top 10%	Female	White	Income Bracket: Under 60,000	Public
Decision: Accepted	SAT I (breakdown): 1590 (800 Math, 790 ERW)		SAT II: 800 Math II, 780 Biology M	GPA: 3.98	N/A school does not rank	M	White		Private
Decision: Accepted	SATs: 710 history, 750 English? May be the other way around	ACT 34 (E36/M 30/ R 35/ S 31)		GPA: 4.0	N/A school does not rank but we know she has top GPA	F	White		Private
Decision: Deferred	SAT I (breakdown): 1520 (780 M/740 R)	ACT (breakdown): 33 (idk lol)	SAT II: 760 Lit 660 Bio E (oof)	GPA (out of 4.0): 3.94	N/A	Female	White	Income Bracket: around 100k	public, selective, boarding STEM focused (it’s weird I know lol)
Decision: Accepted	SAT I (breakdown): Didn't submit	ACT (breakdown): 35 (36 Math, 36 English, 36 Science, 32 Reading)	SAT II: 790 Math II, 740 US History	GPA (out of 4.0): 3.9	Top 10%	Male	Asian	Income Bracket: 100K	Public
Decision: Accepted	SAT I (breakdown): 1560 (M790, R770); taken for NMF confirming score, submitted late so not sure this was a factor	ACT (breakdown): 35 (M35 W36 R34 S36); single sitting	SAT II: Math2 800, Chem 780	GPA (out of 4.0): 3.8	Top 10%	Male	Asian	Income Bracket: No aid	Non-magnet, non-specialized public school. Well regarded but not an Ivy feeder by any stretch of the imagination.
Decision: Rejected	SAT I (breakdown):1430(E:640M:790)	ACT (breakdown):30(M36 S33 R27 E24)	SAT II: Math 2 800 physics 740	GPA (out of 4.0): 3.17	Top 10%	Male		Income Bracket:	
Decision: Accepted	SAT I (breakdown): N/A	ACT (breakdown): 34 (E:35,M:35,R:35,S:32)	SAT II: Math II 790, Physics 760	GPA (out of 4.0): 4.0	school doesn't rank		Caucasian		Private, very competitive, sends many students to top universities abroad.
Decision: Accepted		ACT: 35 (36 in english, 35, 35, 35)	SAT II: 800 Math 2, 790 Physics	GPA: 4.0 unweighted	Top 10%	M	White		
Decision: Accepted	SAT I (breakdown): Reading- 750 Math- 790 (1540)	ACT (breakdown): N/A	SAT II: N/A	GPA (out of 4.0): Unweighted 4.0 Weighted	School does not rank	Male	White	Income Bracket: 150K +	Jesuit Private
Decision: Accepted	SAT I (breakdown): N/A	ACT (breakdown): 35 (35 math, 36 science, 35 english, 33 writing)	SAT II: 800 math II, 730 Chem	GPA (out of 4.0): 3.86	N/A	Male	White	Income Bracket: Upper Middle Class (don't know past there)	Private
Decision: Accepted	SAT I (breakdown): 1410 (740 R, 670M) but they got to see my 1270 (650 R, 620 M)	ACT (breakdown): 29 (29 E, 32 R, 28 M, 28 S)	SAT II: N/A	GPA (out of 4.0): 3.97	Top 10%	Female	Hispanic	Income Bracket: around 24K per year	Public
Decision: Accepted	SAT I (breakdown): N/A	ACT (breakdown): 34 C (36 E, 35 R, 35 S, 32 M)	SAT II: N/A	GPA (out of 4.0): 3.72	Top 10%	F	White	Income Bracket: ~50k with custodial parent	Public
Decision: Accepted	SAT I (breakdown): 1510 (M740, R770)	ACT (breakdown): 33C (35 E, 33R, 35S, 31M)	SAT II: Bio 790, Chem 780, Math II 750	GPA (out of 4.0): 3.98	n/a (school doesn't do)	Male	Asian	Income Bracket: 100-200k	Public
Decision: Rejected	SAT I (breakdown): First time 1380 Second time 1420 Third time 1500 (no super score)	ACT (breakdown): First time 25 Second time 29 Third time 32 (didn't submit) lol took the sat and act three time in a row within 3 month	SAT II: Chinese 800 Math II 750	GPA (out of 4.0): 3.55	Not Top 10%	Male	Asian Chinese ( I'm proud of my race)	Income Bracket: 20k Low income	Public
Decision: Accepted	SAT I (breakdown): 1580 (800M, 780R) [1530 first attempt]	ACT (breakdown): 36	SAT II: 800 Physics, 790 Math II, 770 Spanish	GPA (out of 4.0): 3.98	Top 10%	Male	White	Income Bracket: ~100k	Public
Decision: Accepted		ACT (breakdown): 30 (E:34, M:29, R:31, S: 27)	SAT II: Spanish (760), USH (660)	GPA (out of 4.0): 3.9ish	Top 10%	Female	Latinx	Income Bracket: ~10k	Large, urban public
Decision: Waitlisted	SAT I (breakdown): 1420 (700 M, 720 CR)	ACT (breakdown): N/A	SAT II: Did not submit	GPA (out of 4.0): 3.9-ish	Top 10%	Female	Born in Iraq, immigrated to the US when I was 7	Income Bracket: Irrelevant because it is a need-blind school	Public, highly ranked in state
Decision: Accepted	SAT I : 1550	ACT : 34	SAT II: 800 physics, 800 math 2	GPA (out of 4.0): 4.0	no rank	male	white	Income Bracket: mid to upper	private Catholic
Decision: Accepted	SAT I (breakdown M/CR/W/Essay): 1460 (730 E, 730 M, no essay)	ACT (breakdown): 35 (36 W, 36 R, 35 M, 32 S, 9 essay)	SAT II (subject, score): never took any	GPA: UW: 4.0	school doesn't rank, but I have a chance at salutatorian	female	white	Income Bracket Range: 35,000-45,000	small Christian private (I received scholarships to attend)
Decision: Rejected	SAT I (breakdown):	ACT (breakdown): 30C ( 35 English, 35 Reading, 25 Math, 25 Science)	SAT II: 700 Lit, 710 USH	GPA (out of 4.0): School only does weighted so 4.0	Top 10%	female	Afro-Caribbean	Income Bracket: (Flo Rida voice) low low low	Private Catholic
Decision: Waitlisted	SAT I (breakdown):1510, 720 Eng, Reading, 790 math	ACT (breakdown):33, 34 math, 36 science, 29 english, 32 reading	SAT II: 780 bio M, 720 Math 2 (did not submit)	GPA (out of 4.0): 4.0	Top 10%	male	white	Income Bracket: 250k+	public
Decision: Rejected	SAT I (breakdown):N/A	ACT : 33 (32 E, 35 M, 32 R, 35 S)	SAT II: Didn't send	GPA: 3.805	N/A	Male	White	Income Bracket: middle class	Private
Decision: Waitlisted (after deferral EA)	SAT I (breakdown): 1540 (770 each section)	ACT (breakdown): n/a	SAT II: 800 USH, 780 Math II, 690 Lit (didn't send Lit)	GPA (out of 4.0): 3.98	Top 10%	Male	White	Income Bracket: > $100,000	Public
Decision: Waitlisted	SAT I (breakdown): 1250 (didn't submit)	ACT (breakdown): 33	SAT II:740 Bio E, 720 WH	GPA (out of 4.0): 3.8	N/A, homeschooled	Female	African American	Income Bracket: $150k	Homeschool
Decision: Accepted	SAT I (breakdown): 1530	ACT (breakdown): 33	SAT II: 800 M2, 800 Bio, 730 Physics (took this twice )	GPA (out of 4.0): 4.0	Top 10%	M	Asian	Income Bracket: 100k+	Private
Decision: Accepted	SAT I (breakdown): 1550	ACT (breakdown): NA	SAT II: 800 Math II, 790 Physics	GPA (out of 4.0): 4.0	4	Male	Indian	Income Bracket: unsure, decent amount	Public
Decision: Deferred	SAT I (breakdown): n/a	ACT (breakdown): 35, (36 English, 33 math, 34 reading, 35 science)	SAT II: 780 Math2, 730 Chemistry	GPA (out of 4.0): 4.0	n/a	Male	White	Income Bracket: $100-125k	Public charter
Decision: Accepted	SAT I (breakdown): 1470 - 730 (36.5) Math, R&W 740 - 34 R 40 W	ACT (breakdown): n/a	SAT II: didnt take them	GPA (out of 4.0): 3.805	n/a	Gender	Hispanic	Income Bracket:	Semi-Private
Decision: Accepted [/color][/size]	SAT I (breakdown): 1400 (700 Math, 700 English)	ACT (breakdown): Didn't submit	SAT II: N/A	GPA (out of 4.0): 4.0	Top 10%	Male	White	Income Bracket: >$60,000	Public
Decision: Rejected [/color][/size][/b]	SAT I (breakdown): 1460 (730 on both)	ACT (breakdown): 29 (didn't submit, 24 science, 27 math, 31 English, 35 reading)	SAT II: none	GPA (out of 4.0): 3.5	n/a	Female	Asian	Income Bracket: >60,000	Public, large (2000+ students)
Decision: Deferred	SAT I (breakdown): N/A	ACT (breakdown): 34C: 36E, 33R, 30M, 36S	SAT II: 720 Math II, 720 Bio M	GPA (out of 4.0): 3.9	Top 10%	M	White	Income Bracket: 100k	Public, large
Decision: Accepted - ED[/color][/size][/b]	SAT I (breakdown): 750 Math, 740 Writing, 23 overall essay	ACT (breakdown): n/a	SAT II: 780 math II, 730 English	GPA (out of 4.0): 4.0	School doesn’t report rank	Male	White, Native American	Income Bracket: 200,000+	public, very large
Decision: Accepted	SAT I (breakdown): 1500 (770 R/730 M)		SAT II: 710 Spanish, 720 Math II	GPA (out of 4.0): 3.6	Not Top 10%	Male	Black/African-American	Income Bracket: Err, upper middle class? I dunno tbh.	Private
Decision : Accepted	SAT I : 1550	ACT : 34	SAT II: 780 Math II	GPA (out of 4.0): 3.88	N/A	Female	Black	Income Bracket: 200,000+	Private
Decision: Accepted [/color][/size]	SAT I (breakdown): 1440 (Did not send)	ACT (breakdown): 33	SAT II: 680 Chemistry and 780 Spanish (Did not send scores)	GPA (out of 4.0): 4.0	n/a	Male	Hispanic	Income Bracket: $80,000+	Private and Catholic
Decision: Accepted	SAT I (breakdown): 1600	ACT (breakdown): N/A	SAT II: 800 (Math 2), 800 (Physics), 800 (Chemistry)	GPA (out of 4.0): 4.0	Top 10%	Male		Income Bracket:	Local/Private
Decision: Accepted	SAT I (breakdown): 1480 Writing:750 Math: 730	ACT (breakdown): Didn't take	SAT II: US History 780 Math 1: 720 Math 2: 760	GPA (out of 4.0): 3.8( showed strong upward trend post-freshman year)	N/A	Male	African	Income Bracket: 50k-100k	Private
Decision: Accepted	SAT I (breakdown): 1580 (M-800, RW-780, Essay-23)		SAT II: Chem-800, Math II-790, Bio-780, World History-780, US History-760	GPA (out of 4.0): 4.0	Top 10%	Male	Caucasian	Income Bracket: ~200k	Public
Decision: Accepted	SAT I (breakdown): 1580 (800 M, 780 R/W)	ACT (breakdown): N/A	SAT II: Math II 800, World History 790, Chemistry 780	GPA (out of 4.0): 4.0	Top 10%	Male	Asian	Income Bracket: 100k +	Public
Decision: Accepted [/color][/size]	SAT I (breakdown): 1490	ACT (breakdown): 35 (E:35 M:36 R:33 S:36)	SAT II: Math II: 800 Physics 800	GPA: 4.0	N/A	Male	Indian American	Income Bracket:	International Private
Decision: Deferred	SAT I (breakdown):	ACT (breakdown): 26 composite	SAT II:	GPA (out of 4.0): 3.3	---	F	African-American	Income Bracket: High	Private
Decision: Accepted	SAT I (breakdown): N/A	ACT (breakdown): 33 - E 34, M 33, R 31, S 33 (Writing 8)	SAT II: Maths 1 700, German 580	GPA (out of 4.0): N/A	N/A	Male	White and Asian	Income Bracket: Not sure, probs safe to say upper middle class	Private boarding school
Decision: Deferred [/color][/size]	SAT I (breakdown): 1560 (790 CR / 770 Math)	ACT (breakdown): n/a	SAT II: 750 US History, 780 Literature	GPA (out of 4.0): 3.675	n/a	Female	White	Income Bracket:	Public, very very competitive (a ton of kids go to Ivies)
Decision: Accepted		ACT (breakdown): 34C		GPA (out of 4.0): 3.99	N/A	Female	Asian (Indian)	Income Bracket: Didn't require aid	Private
Decision: Accepted		ACT: 35 superscored (36 math, 36 english, 35 writing, 33 science)	SAT II: 770 chem, 780 math 2	GPA: 4.0		male	asian	Income Bracket: ~$60,000	early college entrance program (University of North Texas)
Decision: Accepted		ACT (breakdown): 36 (English 36, Math 35, Reading 35, Science 36)	SAT II: Math II 790, Chemistry: 710	GPA (out of 4.0): 3.9	Not Top 10%	M	Hispanic	Income Bracket: Upper	Catholic
Decision: Rejected	SAT I (breakdown): N/A	ACT (breakdown): 35C, 35E, 35M, 34R, 36S (single sitting)	SAT II: Math II 760, Bio 740	GPA (out of 4.0): 4.0	N/A	F	Caucasian	Income Bracket: Top	Public
Decision: Rejected	SAT I): 1440 (780 r, 670 m)	ACT: 32 (36R 36W 30Sci 30M)	SAT II: Lit:750 History: 700	GPA (out of 4.0): 3.67	Not Top 10%	female	white	Income Bracket: idk upper middle class	public suburban
Decision: Accepted	SAT I (breakdown): n/a	ACT (breakdown): 36 - (36E 36M 36R 36S- not superscored)	SAT II: n/a	GPA (out of 4.0): 4.0	n/a	Male	White	Income Bracket: ~$130k ish	Private, Catholic
Decision: Accepted	SAT I: 1560 (Reading 770, Math 790)	ACT: 36 (English 36, Math 35, Reading 36, Science 36)		GPA: 3.97	Top 10%	Female	Asian	Income Bracket: Upper middle class	Charter
Decision: Accepted	SAT I (breakdown): Didn't take	ACT (breakdown): 34 (34E, 34M, 34S, 32R)	SAT II: 760 Biology	GPA (out of 4.0): 3.7	n/a	Female	African-American	Income Bracket: highest income bracket	Public School
Decision: Accepted		ACT: 35		GPA (out of 4.0): 3.96		Female	Caucasian	Income Bracket: High	Public
Decision: Rejected		ACT (breakdown): 34		GPA (out of 4.0): 4.0	Top 10%	female	white	Income Bracket: high	public
Decision: Accepted	SAT I (breakdown): 1280 (690 Reading, 590 Math)	ACT (breakdown): 28		GPA (out of 4.0): 3.86	Top 10%	Female	Hispanic		Public-charter
Decision: Accepted	SAT I (breakdown): Didn't take	ACT (breakdown): 28 Superscore		GPA (out of 4.0): 3.9	Not Top 10%	Female	Biracial- White and African American	Income Bracket: Lowest Income Bracket	Public
Decision: Accepted	SAT I (breakdown):1560 (800 english, 760 math)			GPA : 3.81	school doesn't rank	Male	White	Income Bracket: 100k-150k	IB
Decision: Accepted	SAT I (breakdown): 1560 superscore 800 math 760 English	ACT (breakdown): n/a	SAT II: 800 math II	GPA (out of 4.0): 3.96	n/a	female	white	Income Bracket: middle income for our are but overall high	Public secondary school
Decision: Accepted	SAT I (breakdown): 760 read/write, 800 math	ACT (breakdown): 33 Composite (3 straight times) -- never submitted any of the 3	SAT II: 790 math 2, 740 chemistry, 710 lit -- did not submit any of these	GPA (out of 4.0): 3.91	Top 10%	Male	White	Income Bracket: Parents keep this one secret, which means it's pretty high	Typical, large suburban
Decision: Accepted	SAT I (breakdown): Math (770) English (760)	ACT (breakdown): 32 (didn’t send)	SAT II: Lit (700) Math 2 (640) US History (690) accidentally sent them	GPA (out of 4.0): 3.986	Top 10%	female	white	Income Bracket: ~$45,000	Private, Catholic
Decision: Accepted	SAT I (breakdown):1540, 760 Math, 780 Reading	ACT (breakdown): N/A	SAT II: 740 Bio	GPA (out of 4.0): 3.85	N/A	F	Asian (Indian, probs a minority at ND loll)	Income Bracket: ~200ish	Public
Decision: Rejected	SAT I (breakdown): N/A	ACT (breakdown): 36	SAT II: N/A	GPA (out of 4.0): 3.9	N/A	M	Half White, Half Asian	Income Bracket: $250-$300k	Public, Suburbs of Chicago
Decision: Accepted	SAT I (breakdown): 1550, not sure of breakdown	ACT (breakdown): 35 C	SAT II: not taken	GPA (out of 4.0): 4.0	Top 10%	M	Caucasion	Income Bracket: $120k	Public - over 2000 students
Decision: Accepted	SAT I (breakdown): 1550	ACT (breakdown): didn't take	SAT II: 750, 750, 750	GPA (out of 4.0): 4.0	Not Top 10%	female	white and asian	Income Bracket: upper middle	public
Decision: Rejected	SAT I: 1540 (780 Eng, 760 Math):	ACT: 34		GPA: 3.92		M	W	Income Bracket: ~ $150000	Catholic
Decision: Rejected	SAT I (breakdown): 1340	ACT (breakdown): 32	SAT II:	GPA (out of 4.0): 3.88	Top 10%	Female	White	Income Bracket: $200,000+	Public
Decision: Rejected	SAT I (breakdown): N/A	ACT (breakdown): 34	SAT II: N/A	GPA (out of 4.0): 4.0	Top 10%	Male	White	Income Bracket: Upper middle class	Medium/Large, well respected public school
Decision: Accepted	SAT I (breakdown): -	ACT (breakdown): 34C (35 Read, 36 Write, 31 Math, 35 Science)	SAT II: -	GPA (out of 4.0): 3.93	-	Male	White/Hispanic	Income Bracket: ~150k	Stem focused public residential
Decision: Accepted	SAT I (breakdown): didn’t take	ACT (breakdown): 34 (33E, 34M, 35R, 33S)	SAT II: didn’t take	GPA (out of 4.0): 3.96	Top 10%	Female	White	Income Bracket: 125,000-180,000	Public
Decision: Accepted[/color][/size][/b]	SAT I (breakdown):1380	ACT (breakdown):25	SAT II:N/A	GPA (out of 4.0): 3.70	Top 10%	Female	Angolan 1st gen African America	Income Bracket:...not gonna say but low enough for questbridge	Public
Decision: Accepted[/color][/size][/b]	SAT I (breakdown): N/A	ACT (breakdown): 35 M:36 S:36 E:35 R:33	SAT II: math 2: 780 US History: 730	GPA (out of 4.0): 4.0	N/A	male	white	Income Bracket: 200,000+	public
Decision: Accepted		ACT. 34							
Decision: Accepted	SAT I (breakdown): 1500 (720 Reading, 780 Math)	ACT (breakdown):	SAT II: 720 US history, 760 chemistry	GPA (out of 4.0): 3.85	Top 10%	female	Mexican	Income Bracket: 200k	public (2200+)
Decision: Accepted	SAT I (breakdown): Did not take	ACT (breakdown): 34 (36E/29M/35R/35S)	SAT II: Did not take	GPA (out of 4.0): 3.93	Top 10%	Female	White	Income Bracket: $175,000~	Private, Catholic
Decision: Accepted	SAT I (breakdown): N/a	ACT (breakdown): 32 (36 English, 31 reading, 28 Math, 31 science)	SAT II: N/a	GPA (out of 4.0): 4.0	Top 10%	Female	White	Income Bracket: 200,000+	462 people in my grade so pretty big, very competitive and nationally ranked public high school
Decision: Rejected		ACT 34		GPA 3.76					
Decision: Accepted	SAT I (breakdown): didn't send	ACT (breakdown): 35 (W: 35, M: 35, R: 36, S: 35)	SAT II: 730 Chen, 790 math 2	GPA (out of 4.0): 4.0	unranked	Male	White	Income Bracket:	Public
Decision: Accepted
